ts,open,high,low,close,volume
2015-01-01,246.82,254.82,243.43,250.0,34411.88
2015-01-02,256.27,256.27,252.43,254.77,20429.82
2015-01-03,254.32,257.45,251.27,253.92,52716.65
2015-01-04,257.21,264.46,256.04,260.13,59359.13
2015-01-05,270.24,285.54,263.83,274.78,57738.24
2015-01-06,270.49,282.95,264.38,272.95,14235.59
2015-01-07,273.75,277.71,261.41,271.13,14118.96
2015-01-08,289.48,290.36,284.72,286.97,44544.7
2015-01-09,294.92,302.53,291.11,295.22,21030.85
2015-01-10,290.0,294.17,289.58,290.85,21546.45
2015-01-11,294.83,301.62,291.68,296.87,12701.91
2015-01-12,292.09,296.7,284.46,292.53,68384.42
2015-01-13,287.14,289.82,285.75,288.23,50902.87
2015-01-14,295.1,295.41,287.77,291.12,20133.66
2015-01-15,269.97,281.64,259.66,272.67,13209.37
2015-01-16,257.89,265.45,245.68,257.08,12746.11
2015-01-17,254.92,254.92,250.29,252.45,24617.6
2015-01-18,245.54,246.19,241.68,244.02,30148.43
2015-01-19,244.87,249.1,244.84,247.09,11098.79
2015-01-20,236.96,242.69,236.96,239.72,8172.22
2015-01-21,229.01,235.69,222.79,228.5,23574.29
2015-01-22,241.18,242.69,238.5,240.89,44185.21
2015-01-23,241.71,246.85,232.96,239.35,23469.41
2015-01-24,241.34,242.22,238.53,240.28,18122.5
2015-01-25,228.05,236.64,223.48,228.94,8957.05
2015-01-26,223.96,229.02,220.0,224.95,13318.82
2015-01-27,223.8,230.82,216.31,226.17,44661.9
2015-01-28,217.79,219.89,213.04,217.56,8114.61
2015-01-29,218.29,228.34,216.41,220.77,91329.18
2015-01-30,218.08,218.88,214.61,216.51,23671.47
2015-01-31,215.64,216.66,213.03,214.63,6215.91
2015-02-01,211.41,214.32,205.9,210.47,33072.21
2015-02-02,222.53,232.43,216.98,224.9,31707.23
2015-02-03,224.87,232.88,217.02,225.14,15584.51
2015-02-04,216.6,222.98,210.79,217.28,46883.73
2015-02-05,224.15,232.14,215.97,223.96,13470.04
2015-02-06,215.82,216.09,213.54,214.92,36663.23
2015-02-07,215.93,219.43,213.93,216.82,21507.36
2015-02-08,201.98,206.84,199.06,202.75,17621.02
2015-02-09,194.88,200.86,189.7,193.83,64728.06
2015-02-10,193.7,197.54,193.14,195.46,48553.45
2015-02-11,199.68,202.98,199.05,200.88,9115.34
2015-02-12,202.4,205.85,198.66,202.39,29970.0
2015-02-13,203.33,205.32,198.26,201.88,100555.31
2015-02-14,198.51,202.95,195.41,200.06,66090.2
2015-02-15,191.48,191.48,187.69,190.26,10678.56
2015-02-16,184.21,188.48,184.21,185.8,79236.39
2015-02-17,185.38,185.59,181.75,183.11,46508.37
2015-02-18,192.12,192.13,186.76,190.29,9553.2
2015-02-19,190.68,195.37,189.41,192.88,26099.63
2015-02-20,179.24,187.32,177.71,181.61,32385.31
2015-02-21,185.02,187.31,181.17,183.96,9337.82
2015-02-22,181.22,185.16,179.54,181.77,38878.96
2015-02-23,176.35,182.35,170.72,177.78,154363.44
2015-02-24,184.29,184.29,179.02,181.9,65875.15
2015-02-25,187.06,191.96,186.19,188.87,25161.09
2015-02-26,194.28,198.86,190.51,195.42,17649.92
2015-02-27,189.12,191.61,188.67,190.05,28744.33
2015-02-28,187.28,189.49,187.28,188.28,10130.22
2015-03-01,190.9,196.52,181.51,190.76,15085.09
2015-03-02,196.25,201.42,193.97,197.69,4601.82
2015-03-03,195.95,198.63,189.31,194.69,31295.12
2015-03-04,194.39,194.39,192.06,193.72,16874.37
2015-03-05,186.99,191.72,179.96,186.64,36238.0
2015-03-06,179.61,182.33,175.63,179.26,24321.19
2015-03-07,184.95,186.78,183.97,184.71,9845.23
2015-03-08,192.89,199.11,190.74,193.98,25950.55
2015-03-09,192.83,196.27,190.82,193.78,12491.17
2015-03-10,203.13,204.8,197.91,201.01,83119.27
2015-03-11,205.07,206.32,201.33,203.87,11259.3
2015-03-12,199.95,202.38,197.2,199.62,15177.98
2015-03-13,203.44,204.95,198.06,202.46,9826.46
2015-03-14,213.88,215.35,212.68,213.98,9170.47
2015-03-15,214.35,219.48,204.31,214.04,22651.34
2015-03-16,227.5,227.83,225.27,226.42,8166.19
2015-03-17,203.46,212.18,200.57,206.9,19024.4
2015-03-18,214.8,215.33,211.89,213.25,31192.32
2015-03-19,215.65,216.08,210.91,214.23,15756.56
2015-03-20,210.99,221.09,203.04,212.31,3795.41
2015-03-21,215.44,216.34,211.16,213.32,64284.88
2015-03-22,195.74,204.78,192.53,199.28,27362.27
2015-03-23,198.61,200.86,194.47,198.05,27625.39
2015-03-24,200.91,206.1,195.59,200.84,18361.88
2015-03-25,211.3,218.41,206.58,211.82,42302.34
2015-03-26,208.36,217.44,204.57,208.33,46827.02
2015-03-27,203.76,207.52,196.66,202.82,50721.0
2015-03-28,196.7,204.83,194.54,199.59,27409.3
2015-03-29,208.05,209.78,204.18,206.39,7354.03
2015-03-30,208.41,211.38,207.91,209.1,30576.02
2015-03-31,207.23,211.16,198.05,205.56,27384.03
2015-04-01,210.68,213.76,207.9,209.6,14255.86
2015-04-02,209.91,213.24,208.82,210.63,11642.03
2015-04-03,218.08,223.81,211.21,218.22,34147.04
2015-04-04,213.21,217.95,210.87,213.25,20811.06
2015-04-05,213.84,220.06,206.08,211.13,16183.93
2015-04-06,206.66,213.87,201.8,208.57,84267.25
2015-04-07,197.75,201.84,195.82,198.45,37830.55
2015-04-08,198.27,206.39,195.52,200.82,31298.05
2015-04-09,203.17,204.16,201.98,202.96,58598.66
2015-04-10,202.29,205.19,200.29,203.31,28797.12
2015-04-11,201.13,206.95,197.26,201.95,12586.98
2015-04-12,194.33,194.33,189.46,192.47,16185.22
2015-04-13,188.69,195.08,185.88,189.95,39697.25
2015-04-14,187.72,193.55,184.24,187.96,36436.19
2015-04-15,182.36,188.11,181.05,183.03,31584.04
2015-04-16,181.7,184.92,179.53,182.28,8894.43
2015-04-17,188.89,188.89,175.82,185.15,42365.09
2015-04-18,195.33,200.34,195.33,198.08,20986.21
2015-04-19,200.62,204.09,196.47,199.59,35725.24
2015-04-20,205.37,205.37,199.7,201.7,11379.48
2015-04-21,203.22,207.64,194.07,201.48,106566.18
2015-04-22,188.75,192.73,183.54,188.68,26942.4
2015-04-23,187.01,191.8,182.56,188.79,15826.23
2015-04-24,191.45,195.31,181.64,189.47,37064.8
2015-04-25,208.39,210.22,203.52,206.84,43924.99
2015-04-26,203.28,208.3,203.28,205.76,36718.42
2015-04-27,207.72,212.21,203.08,208.25,9976.37
2015-04-28,206.3,210.51,204.22,208.31,55157.78
2015-04-29,195.68,203.85,193.62,200.26,16777.33
2015-04-30,206.7,216.68,201.38,208.75,21828.06
2015-05-01,214.82,218.33,208.37,214.64,3777.93
2015-05-02,222.02,225.69,213.89,220.99,15257.26
2015-05-03,213.84,218.75,205.46,214.39,15178.76
2015-05-04,228.0,235.83,217.84,225.52,31717.38
2015-05-05,216.81,220.24,210.14,215.04,14529.63
2015-05-06,219.62,221.05,218.6,219.84,6043.56
2015-05-07,237.23,241.26,232.65,237.71,26887.9
2015-05-08,230.66,234.23,221.5,229.95,18103.7
2015-05-09,225.75,230.15,221.88,225.78,12348.61
2015-05-10,224.32,230.26,218.65,226.91,23722.53
2015-05-11,222.75,227.65,218.71,223.28,5325.71
2015-05-12,212.93,217.23,208.83,211.8,36324.61
2015-05-13,214.87,216.08,209.96,212.63,19104.06
2015-05-14,206.75,209.06,201.49,205.18,17852.89
2015-05-15,209.48,215.01,202.06,208.92,47385.44
2015-05-16,204.97,205.78,199.39,202.61,14401.08
2015-05-17,214.95,216.2,212.29,214.22,27196.73
2015-05-18,208.59,214.08,205.05,208.74,19934.62
2015-05-19,209.16,209.55,202.08,206.71,289684.48
2015-05-20,214.23,215.01,210.76,213.0,32683.46
2015-05-21,206.46,209.79,200.5,204.33,8871.34
2015-05-22,204.31,212.25,200.37,206.27,89818.9
2015-05-23,214.76,223.09,209.58,216.25,50937.73
2015-05-24,203.39,210.3,202.41,204.73,22919.03
2015-05-25,206.66,208.98,200.92,206.36,15582.77
2015-05-26,211.6,218.68,198.84,208.56,7652.0
2015-05-27,212.71,218.08,208.8,214.67,31206.0
2015-05-28,207.37,213.01,198.47,205.88,12882.81
2015-05-29,194.98,199.12,194.96,196.88,10934.03
2015-05-30,203.31,203.31,197.83,200.81,41110.11
2015-05-31,201.81,205.89,201.81,203.21,76088.28
2015-06-01,206.52,207.33,202.14,205.31,15104.47
2015-06-02,209.58,209.58,206.31,208.12,42130.64
2015-06-03,204.54,205.09,201.76,203.53,26199.8
2015-06-04,204.06,212.56,195.48,205.5,29461.23
2015-06-05,206.18,210.68,204.79,207.93,11486.36
2015-06-06,205.17,209.59,198.44,203.1,18654.54
2015-06-07,218.96,221.11,210.87,217.14,9197.35
2015-06-08,222.93,226.91,218.23,221.1,8316.32
2015-06-09,214.35,215.53,211.19,212.39,33473.65
2015-06-10,214.98,221.03,210.41,217.65,14538.55
2015-06-11,208.03,213.91,205.92,210.67,10633.83
2015-06-12,215.71,224.25,210.5,216.88,8403.21
2015-06-13,225.32,232.36,219.23,226.19,6589.0
2015-06-14,219.08,227.13,214.08,220.12,4623.51
2015-06-15,228.51,231.38,222.84,228.01,24171.64
2015-06-16,233.74,235.46,228.02,231.67,2703.51
2015-06-17,238.23,242.6,233.39,238.79,32255.12
2015-06-18,253.9,257.58,252.85,255.57,32083.69
2015-06-19,255.41,264.32,245.81,253.76,20442.08
2015-06-20,246.97,249.32,244.91,247.52,23478.58
2015-06-21,240.5,244.03,234.99,240.3,17608.13
2015-06-22,233.26,244.52,224.15,233.88,26487.83
2015-06-23,234.24,240.23,225.83,233.6,26242.5
2015-06-24,234.84,242.42,233.52,236.76,62664.39
2015-06-25,240.82,243.85,236.84,239.43,75406.71
2015-06-26,246.77,256.73,240.89,246.83,73591.08
2015-06-27,245.8,249.48,244.19,247.31,11688.32
2015-06-28,261.72,265.82,248.82,260.61,40576.96
2015-06-29,257.01,260.17,256.03,258.6,33176.27
2015-06-30,283.21,292.38,280.0,284.85,13174.72
2015-07-01,288.79,303.93,285.77,291.6,10897.18
2015-07-02,281.27,286.15,281.27,283.4,16380.25
2015-07-03,274.56,279.36,267.54,273.39,9473.96
2015-07-04,281.06,282.15,274.69,278.46,7285.76
2015-07-05,275.71,284.88,266.47,276.71,32957.54
2015-07-06,282.32,289.51,275.1,284.13,22728.88
2015-07-07,285.12,297.12,284.22,289.31,22637.64
2015-07-08,286.23,291.9,286.23,289.01,46474.17
2015-07-09,282.62,283.02,278.42,280.99,18928.97
2015-07-10,265.22,269.77,265.22,266.88,43009.82
2015-07-11,260.73,265.72,257.31,263.14,12254.4
2015-07-12,272.17,275.09,264.9,271.55,12195.25
2015-07-13,274.2,285.99,263.24,274.0,22386.45
2015-07-14,263.39,268.19,255.94,262.71,120797.0
2015-07-15,264.72,270.5,262.03,264.7,61893.61
2015-07-16,267.93,276.4,263.45,268.7,53281.38
2015-07-17,258.53,267.32,253.44,260.9,7385.16
2015-07-18,261.37,269.49,251.85,262.7,24857.06
2015-07-19,263.03,268.49,259.52,263.64,42689.84
2015-07-20,249.84,256.86,249.41,253.68,117349.4
2015-07-21,255.64,259.64,254.7,257.26,5754.47
2015-07-22,261.97,270.14,256.1,262.75,39718.89
2015-07-23,271.81,277.12,270.03,273.31,51870.56
2015-07-24,283.23,286.33,280.14,284.01,31780.15
2015-07-25,272.5,277.02,264.03,271.05,7515.42
2015-07-26,264.35,269.22,255.07,262.69,27103.56
2015-07-27,271.11,277.0,258.27,267.87,31193.54
2015-07-28,270.6,274.78,270.6,273.14,25520.37
2015-07-29,277.58,283.72,274.11,278.52,12799.1
2015-07-30,322.34,329.8,314.0,319.21,11600.11
2015-07-31,321.58,334.63,318.08,326.14,31917.37
2015-08-01,336.67,352.89,328.58,339.87,12901.91
2015-08-02,350.21,358.09,335.14,351.94,13142.46
2015-08-03,366.49,373.42,351.28,360.6,19828.72
2015-08-04,354.39,369.33,351.41,357.17,25193.86
2015-08-05,370.52,372.34,363.95,367.34,50904.81
2015-08-06,357.99,366.82,349.18,358.07,8516.06
2015-08-07,352.39,360.44,348.7,355.65,7868.47
2015-08-08,358.03,362.16,344.0,350.19,16329.62
2015-08-09,352.26,358.78,342.72,351.72,5251.62
2015-08-10,383.12,386.39,377.73,381.97,35462.79
2015-08-11,359.87,365.18,352.37,358.34,4499.39
2015-08-12,368.95,375.39,357.34,367.6,39051.18
2015-08-13,350.54,350.54,344.77,347.95,53829.5
2015-08-14,347.66,350.15,331.36,342.76,27283.65
2015-08-15,353.96,358.94,351.79,356.61,5017.43
2015-08-16,361.24,361.24,354.42,357.95,24135.84
2015-08-17,343.29,352.61,338.99,345.22,11718.56
2015-08-18,338.06,345.92,329.84,337.19,8472.42
2015-08-19,341.81,354.54,336.99,345.83,35237.94
2015-08-20,340.4,344.18,331.53,337.6,40932.14
2015-08-21,339.84,349.33,334.32,340.68,61993.96
2015-08-22,338.59,344.61,338.36,341.74,17648.84
2015-08-23,337.71,348.12,328.03,334.53,25429.86
2015-08-24,365.29,372.31,353.92,361.14,84027.45
2015-08-25,374.15,378.1,361.36,369.8,118539.39
2015-08-26,342.0,351.29,342.0,345.01,52607.5
2015-08-27,352.17,356.11,339.61,347.79,16754.15
2015-08-28,339.52,343.77,337.31,340.34,22293.18
2015-08-29,355.68,355.68,345.53,351.17,19223.21
2015-08-30,343.79,348.53,335.13,342.08,38978.63
2015-08-31,341.91,347.01,326.93,341.22,11504.84
2015-09-01,347.85,350.98,346.18,347.83,28665.09
2015-09-02,359.03,364.03,349.1,359.06,28786.92
2015-09-03,342.94,350.6,332.67,344.81,30131.13
2015-09-04,338.39,347.15,335.01,341.31,9782.34
2015-09-05,335.21,338.7,334.14,336.19,27008.83
2015-09-06,332.21,337.35,317.26,329.08,91259.71
2015-09-07,346.66,358.77,339.85,350.58,15380.52
2015-09-08,359.94,364.32,346.2,356.12,27290.95
2015-09-09,341.65,343.64,338.25,341.25,5077.74
2015-09-10,355.13,358.86,344.37,352.92,27140.36
2015-09-11,383.24,390.12,374.04,380.71,26376.38
2015-09-12,398.24,399.19,391.75,395.31,24353.1
2015-09-13,375.47,379.62,371.14,375.4,39781.75
2015-09-14,369.8,383.43,357.97,369.64,17739.29
2015-09-15,389.75,391.12,380.27,386.98,56851.87
2015-09-16,374.93,380.77,372.61,378.08,10942.57
2015-09-17,380.9,390.86,375.51,384.58,70380.12
2015-09-18,394.27,411.06,388.26,395.74,26301.12
2015-09-19,384.57,388.15,379.66,383.68,20946.16
2015-09-20,389.35,392.34,370.63,383.46,7055.61
2015-09-21,342.98,344.52,340.76,342.85,9122.68
2015-09-22,332.77,332.77,328.95,331.27,29340.91
2015-09-23,330.2,330.9,326.96,328.85,12488.65
2015-09-24,314.12,325.82,303.0,315.27,49109.93
2015-09-25,336.14,336.14,330.41,334.31,27891.31
2015-09-26,317.84,321.84,316.96,318.46,7085.61
2015-09-27,314.7,319.26,305.79,314.07,40725.99
2015-09-28,312.6,329.96,309.24,315.98,19454.98
2015-09-29,328.81,338.74,326.84,332.83,21364.52
2015-09-30,318.39,324.41,311.33,316.99,51096.65
2015-10-01,333.29,333.29,328.68,330.66,7263.49
2015-10-02,336.43,338.54,327.02,331.27,9012.42
2015-10-03,318.49,329.07,315.57,320.56,28748.32
2015-10-04,330.1,334.8,317.51,326.28,5692.81
2015-10-05,332.51,334.59,323.53,329.05,13633.81
2015-10-06,321.43,330.12,319.59,322.7,48468.91
2015-10-07,327.57,327.64,322.15,323.97,20311.65
2015-10-08,322.53,327.06,317.0,320.11,7378.45
2015-10-09,324.81,325.84,318.27,321.87,25775.33
2015-10-10,335.63,336.76,318.32,329.91,16028.68
2015-10-11,352.34,356.4,342.44,349.27,12639.25
2015-10-12,329.23,346.52,322.49,334.96,381284.21
2015-10-13,362.4,373.18,354.71,361.46,35118.38
2015-10-14,333.86,348.9,326.7,338.1,17666.43
2015-10-15,337.22,345.4,324.0,336.81,45470.19
2015-10-16,344.59,349.7,338.33,344.34,17562.4
2015-10-17,346.64,357.18,335.88,348.26,14645.2
2015-10-18,338.46,344.88,332.46,341.27,28164.17
2015-10-19,337.86,347.04,330.07,339.3,33295.09
2015-10-20,333.09,346.74,323.73,333.99,46476.96
2015-10-21,327.32,330.78,323.85,327.67,69212.25
2015-10-22,338.35,343.81,334.29,338.06,57307.97
2015-10-23,344.43,355.48,333.26,342.83,43981.91
2015-10-24,334.28,336.83,332.21,335.11,47741.23
2015-10-25,349.9,350.79,341.56,346.35,57188.14
2015-10-26,350.52,367.95,341.74,350.62,39115.76
2015-10-27,363.96,369.13,352.78,361.28,6237.24
2015-10-28,368.99,375.91,363.82,369.89,33020.61
2015-10-29,363.11,363.11,354.56,359.85,66713.99
2015-10-30,354.71,360.12,345.2,353.39,11663.45
2015-10-31,368.06,376.02,348.99,363.3,16203.9
2015-11-01,369.64,381.39,361.83,371.7,21135.77
2015-11-02,370.66,376.68,363.35,371.99,25819.7
2015-11-03,373.33,378.77,370.76,374.08,14225.15
2015-11-04,394.03,394.03,390.03,391.78,23224.9
2015-11-05,383.67,395.24,365.61,384.32,33444.3
2015-11-06,389.76,398.88,387.26,392.34,4442.45
2015-11-07,394.22,398.53,384.6,390.16,23551.92
2015-11-08,387.96,392.22,383.71,387.78,16334.52
2015-11-09,402.88,418.87,396.36,403.59,5663.98
2015-11-10,414.01,427.4,403.72,416.04,34855.73
2015-11-11,430.38,442.31,423.43,428.7,28477.71
2015-11-12,453.24,455.05,446.62,449.42,25340.64
2015-11-13,453.26,465.54,443.31,450.42,36193.25
2015-11-14,460.22,471.98,454.57,461.99,28722.91
2015-11-15,454.07,466.66,448.06,457.69,12308.6
2015-11-16,448.7,475.24,443.53,463.61,39611.15
2015-11-17,458.7,477.78,451.92,462.19,45426.19
2015-11-18,463.08,472.2,443.41,464.46,9319.36
2015-11-19,474.73,487.44,466.58,474.95,44940.65
2015-11-20,461.23,466.09,458.44,462.23,17705.36
2015-11-21,504.37,504.37,493.15,498.1,36292.44
2015-11-22,483.48,488.24,475.09,481.59,25093.62
2015-11-23,457.67,483.03,448.1,462.25,19357.51
2015-11-24,484.62,497.5,466.63,482.09,34206.96
2015-11-25,497.93,514.04,479.91,496.38,17027.23
2015-11-26,503.84,513.94,500.12,508.1,52760.82
2015-11-27,521.38,526.29,513.42,520.18,60191.99
2015-11-28,522.95,534.94,499.29,520.74,14355.1
2015-11-29,509.54,510.63,497.23,505.4,19447.2
2015-11-30,501.93,514.35,501.93,507.5,16481.0
2015-12-01,498.93,510.48,481.55,496.36,30009.83
2015-12-02,518.41,518.41,510.24,514.36,63414.56
2015-12-03,520.23,522.49,507.0,512.49,5856.54
2015-12-04,493.75,509.36,489.88,498.64,7147.2
2015-12-05,493.23,496.73,488.82,493.8,20789.62
2015-12-06,501.55,512.74,485.35,501.74,25794.55
2015-12-07,495.34,499.31,488.58,492.68,10466.92
2015-12-08,478.79,483.11,472.66,479.42,25677.23
2015-12-09,481.48,487.65,476.86,484.26,12284.46
2015-12-10,490.01,502.38,475.2,489.16,15545.45
2015-12-11,479.98,490.8,470.62,481.28,61359.48
2015-12-12,476.25,483.14,458.91,474.12,16884.73
2015-12-13,476.68,482.58,476.68,478.7,16650.16
2015-12-14,453.32,459.39,453.32,455.73,24679.93
2015-12-15,439.05,441.48,425.7,434.47,53198.29
2015-12-16,432.03,440.56,407.51,424.32,21447.13
2015-12-17,427.94,437.57,414.43,421.79,14201.82
2015-12-18,426.8,431.23,421.6,427.05,35281.5
2015-12-19,454.16,460.86,440.83,450.36,42549.65
2015-12-20,462.22,472.71,451.44,464.78,55505.1
2015-12-21,464.76,472.64,456.4,462.88,21588.94
2015-12-22,461.1,475.8,453.61,463.26,32487.59
2015-12-23,452.46,454.43,442.17,447.96,41794.0
2015-12-24,452.37,468.47,426.12,448.34,25685.76
2015-12-25,451.88,458.3,432.91,444.5,63811.25
2015-12-26,449.4,461.82,427.84,450.23,37396.91
2015-12-27,443.57,446.14,422.78,438.03,100138.2
2015-12-28,448.55,453.08,439.33,446.74,46274.25
2015-12-29,472.35,487.81,453.14,472.07,4756.49
2015-12-30,472.25,476.33,464.7,470.98,16153.89
2015-12-31,484.86,486.11,470.28,478.36,6090.42
2016-01-01,490.28,499.62,483.39,490.79,13331.95
2016-01-02,484.36,505.42,467.89,484.68,16510.86
2016-01-03,481.14,499.3,480.06,489.23,44530.39
2016-01-04,489.6,498.7,482.34,490.18,15634.56
2016-01-05,493.64,513.44,473.05,492.59,67803.85
2016-01-06,477.24,494.03,470.2,480.17,13016.28
2016-01-07,478.16,485.96,478.16,481.3,17641.68
2016-01-08,483.23,498.59,482.02,490.5,8243.67
2016-01-09,514.41,525.29,508.62,516.83,70621.3
2016-01-10,541.36,542.09,528.9,535.28,78625.68
2016-01-11,571.19,594.48,555.63,578.04,20027.51
2016-01-12,567.12,578.93,552.2,563.57,6807.4
2016-01-13,586.01,597.9,573.01,581.91,18846.5
2016-01-14,598.05,608.89,576.13,586.54,26807.58
2016-01-15,639.48,642.85,627.61,634.21,13409.15
2016-01-16,622.16,633.53,593.46,617.44,146087.26
2016-01-17,602.23,607.14,583.76,600.46,95917.38
2016-01-18,588.88,599.31,571.36,588.88,5495.59
2016-01-19,551.24,552.22,541.18,547.51,8839.31
2016-01-20,543.71,548.98,526.35,538.34,32106.64
2016-01-21,525.72,528.99,518.07,525.01,9434.18
2016-01-22,534.03,539.53,523.19,528.57,25744.76
2016-01-23,544.01,544.01,518.66,535.73,22434.52
2016-01-24,573.28,584.78,558.33,572.95,21564.75
2016-01-25,593.69,604.33,583.21,593.22,50305.9
2016-01-26,581.81,597.68,568.0,582.24,94520.65
2016-01-27,565.66,580.79,556.7,565.06,30552.08
2016-01-28,581.37,581.7,569.26,575.74,8441.0
2016-01-29,550.95,554.91,547.96,550.56,24963.52
2016-01-30,588.78,595.67,580.37,587.89,13952.58
2016-01-31,612.36,626.8,605.23,613.59,109647.56
2016-02-01,606.86,608.6,598.67,604.5,38776.58
2016-02-02,567.88,584.38,561.47,570.17,30712.79
2016-02-03,592.87,608.71,590.11,598.74,37444.78
2016-02-04,599.38,601.15,591.91,597.24,21595.06
2016-02-05,634.51,642.38,603.79,624.62,60660.75
2016-02-06,590.23,608.23,574.27,591.6,14102.36
2016-02-07,575.95,588.35,575.95,580.19,47984.39
2016-02-08,590.08,594.44,570.45,581.17,79556.35
2016-02-09,583.21,601.44,562.52,583.0,11608.5
2016-02-10,579.09,581.24,563.31,574.75,29162.17
2016-02-11,584.87,609.71,573.11,588.3,31069.79
2016-02-12,567.62,580.42,560.82,567.57,9421.6
2016-02-13,571.94,574.11,554.24,565.6,7443.9
2016-02-14,569.43,571.12,566.08,568.84,10695.69
2016-02-15,580.71,592.71,557.65,580.04,21352.8
2016-02-16,588.47,618.28,574.26,595.56,31131.45
2016-02-17,576.54,576.54,571.04,573.43,16560.59
2016-02-18,540.85,553.14,534.84,544.27,104241.07
2016-02-19,575.12,580.7,555.4,570.02,50582.29
2016-02-20,578.49,587.2,567.76,577.55,31974.57
2016-02-21,564.78,576.18,547.13,563.46,15771.17
2016-02-22,599.47,624.62,575.41,595.79,23546.91
2016-02-23,600.91,615.87,585.35,599.11,53754.81
2016-02-24,633.89,644.64,614.91,625.29,46510.4
2016-02-25,635.54,647.39,603.28,627.71,46111.74
2016-02-26,669.09,687.34,651.41,675.67,17490.31
2016-02-27,718.58,731.12,705.83,719.56,14688.43
2016-02-28,719.17,729.95,704.01,714.39,7123.38
2016-02-29,734.63,759.09,729.35,740.21,34075.74
2016-03-01,748.74,794.33,719.51,758.26,6627.7
2016-03-02,791.81,812.27,774.78,796.66,22073.19
2016-03-03,770.65,776.08,765.45,771.36,15960.29
2016-03-04,765.56,808.98,765.52,791.29,26699.55
2016-03-05,815.06,846.27,800.91,822.38,56808.19
2016-03-06,769.2,782.9,769.2,774.45,65975.97
2016-03-07,750.97,765.48,732.79,744.15,39162.89
2016-03-08,699.1,705.4,679.99,693.93,12103.66
2016-03-09,689.98,710.8,662.51,688.45,21910.02
2016-03-10,707.58,715.28,696.62,707.01,11091.03
2016-03-11,749.56,763.62,714.54,746.3,13230.05
2016-03-12,743.38,766.48,734.53,749.36,32846.67
2016-03-13,797.73,797.73,791.02,794.51,10250.9
2016-03-14,758.75,775.02,719.31,758.18,15526.53
2016-03-15,720.63,736.58,701.07,715.37,9482.72
2016-03-16,720.07,728.24,703.23,715.06,37785.73
2016-03-17,728.92,739.27,708.82,725.82,16727.43
2016-03-18,727.9,749.52,701.96,726.08,3790.18
2016-03-19,677.7,685.32,669.18,676.41,82393.43
2016-03-20,674.98,685.19,665.33,675.32,50162.85
2016-03-21,648.64,654.34,637.83,646.14,4445.09
2016-03-22,663.55,674.96,652.04,662.46,40133.24
2016-03-23,669.4,696.18,652.49,672.02,75389.72
2016-03-24,654.43,660.5,643.2,651.25,19201.12
2016-03-25,642.04,647.49,635.81,640.6,25107.53
2016-03-26,624.2,624.8,612.51,618.22,17262.97
2016-03-27,609.78,625.99,609.78,617.79,33761.47
2016-03-28,639.93,667.2,607.95,639.75,50930.73
2016-03-29,615.39,627.34,606.04,618.98,8590.66
2016-03-30,628.33,645.3,604.86,630.94,12664.94
2016-03-31,623.05,631.74,607.3,620.27,24164.67
2016-04-01,599.61,614.37,599.61,604.2,28544.29
2016-04-02,603.49,617.17,573.67,602.85,30852.64
2016-04-03,582.41,595.09,572.17,582.27,19084.32
2016-04-04,567.14,586.51,562.48,571.95,10990.69
2016-04-05,549.98,560.43,529.9,549.29,48935.03
2016-04-06,585.68,593.64,583.2,589.27,8378.7
2016-04-07,597.21,597.21,583.59,590.89,15017.54
2016-04-08,583.01,593.61,569.31,577.46,22579.59
2016-04-09,582.98,594.23,571.0,582.67,32818.81
2016-04-10,579.25,586.54,576.09,581.26,17625.89
2016-04-11,579.97,580.08,575.41,577.64,40660.61
2016-04-12,594.71,596.73,585.78,591.08,60562.42
2016-04-13,609.11,623.48,583.64,607.87,13532.41
2016-04-14,592.73,604.04,591.01,597.59,30460.14
2016-04-15,585.56,601.72,573.92,586.54,27109.86
2016-04-16,582.16,593.39,563.32,581.79,16946.7
2016-04-17,538.81,549.89,524.53,537.57,4840.87
2016-04-18,511.85,512.78,505.73,510.57,29515.95
2016-04-19,539.52,548.91,519.73,536.39,32243.0
2016-04-20,571.35,571.35,563.76,569.03,53115.45
2016-04-21,569.51,586.31,540.55,564.94,17022.51
2016-04-22,580.05,591.0,565.65,577.32,13054.61
2016-04-23,578.64,598.03,569.54,584.52,10711.01
2016-04-24,658.19,672.77,637.62,652.0,2025.03
2016-04-25,683.53,693.25,666.84,679.08,16133.01
2016-04-26,675.67,689.51,663.74,677.06,203935.27
2016-04-27,655.93,676.33,643.88,655.77,61619.07
2016-04-28,621.18,637.68,600.34,620.85,10072.78
2016-04-29,624.03,636.05,612.43,626.23,14760.19
2016-04-30,602.24,627.25,600.13,610.78,14681.35
2016-05-01,576.8,611.23,563.77,581.99,68149.53
2016-05-02,565.69,598.39,541.23,569.83,131931.74
2016-05-03,540.83,565.4,538.63,549.48,23905.87
2016-05-04,578.58,599.66,573.97,583.78,27490.66
2016-05-05,608.48,611.36,594.83,602.98,33770.03
2016-05-06,606.06,628.01,582.32,603.72,21990.03
2016-05-07,631.82,645.9,629.35,636.77,27923.28
2016-05-08,635.93,652.81,619.99,639.45,23160.79
2016-05-09,627.5,634.54,612.83,621.39,32654.09
2016-05-10,662.73,665.04,643.98,656.4,4494.44
2016-05-11,675.36,688.47,662.32,674.98,15195.24
2016-05-12,648.53,670.45,623.12,642.49,8647.43
2016-05-13,633.58,644.56,631.84,637.48,38704.75
2016-05-14,612.74,622.26,594.23,611.63,11880.89
2016-05-15,567.28,578.46,567.28,572.42,6364.84
2016-05-16,598.14,606.4,596.34,599.89,5325.42
2016-05-17,659.86,669.45,651.24,659.72,31937.83
2016-05-18,608.63,633.73,606.62,616.95,10596.33
2016-05-19,638.17,644.35,628.31,635.15,19951.41
2016-05-20,619.89,627.23,604.94,616.15,79028.06
2016-05-21,606.79,606.79,599.83,602.52,30066.07
2016-05-22,594.84,594.84,575.05,586.16,14803.36
2016-05-23,564.58,584.71,547.63,562.7,8691.96
2016-05-24,564.6,582.44,549.18,564.89,31517.55
2016-05-25,536.2,549.25,534.21,543.17,20063.26
2016-05-26,552.97,569.87,542.11,551.24,35346.08
2016-05-27,553.17,569.25,525.33,550.71,3304.92
2016-05-28,543.14,549.28,543.14,545.11,55266.73
2016-05-29,521.18,536.61,507.23,522.19,5649.37
2016-05-30,508.44,523.38,484.76,508.4,15092.71
2016-05-31,530.6,532.55,523.21,528.36,67619.15
2016-06-01,546.02,547.65,537.64,542.3,3725.77
2016-06-02,515.49,536.54,501.11,517.71,20744.19
2016-06-03,521.86,533.05,507.11,521.02,17849.21
2016-06-04,543.86,544.84,536.25,541.37,21739.51
2016-06-05,498.87,503.95,490.04,499.6,29557.58
2016-06-06,512.12,523.83,505.41,513.85,22504.17
2016-06-07,501.02,507.11,478.19,498.18,7609.14
2016-06-08,512.35,522.07,505.84,513.08,24034.0
2016-06-09,490.24,520.41,485.62,494.98,21903.59
2016-06-10,458.75,461.1,444.98,453.77,21165.53
2016-06-11,415.97,430.39,413.11,419.61,117769.23
2016-06-12,420.92,429.59,416.04,421.23,64708.56
2016-06-13,428.37,438.21,421.55,427.27,95754.52
2016-06-14,410.85,414.52,405.17,409.36,29224.62
2016-06-15,423.58,441.97,404.62,423.01,92596.94
2016-06-16,381.33,401.24,376.65,390.52,11185.2
2016-06-17,387.65,401.77,383.82,389.84,16643.02
2016-06-18,368.81,379.64,359.04,367.93,13941.42
2016-06-19,356.59,363.1,350.38,356.9,14910.42
2016-06-20,359.74,363.64,347.76,358.27,22916.23
2016-06-21,346.81,351.12,336.39,343.99,26094.28
2016-06-22,339.45,343.78,327.33,338.08,31287.81
2016-06-23,353.63,365.49,340.35,355.7,89521.72
2016-06-24,344.81,357.73,341.57,346.31,6546.17
2016-06-25,364.61,364.61,358.01,361.32,8454.19
2016-06-26,341.89,348.13,335.7,342.38,3142.38
2016-06-27,351.64,354.94,347.11,351.91,11303.44
2016-06-28,379.78,382.88,373.7,378.23,15546.48
2016-06-29,338.92,339.62,330.02,335.59,12675.26
2016-06-30,320.9,331.18,319.59,323.23,8908.5
2016-07-01,331.67,343.42,319.06,333.0,23798.01
2016-07-02,325.96,333.62,324.48,330.19,16263.81
2016-07-03,335.96,346.09,322.62,336.76,10920.3
2016-07-04,328.92,334.35,316.41,327.43,25005.25
2016-07-05,328.36,332.6,326.61,329.32,14009.27
2016-07-06,331.91,338.97,317.74,327.3,55894.24
2016-07-07,347.42,352.59,344.7,347.1,19447.11
2016-07-08,351.69,357.45,345.67,351.98,16755.35
2016-07-09,357.38,367.69,350.67,358.39,27331.51
2016-07-10,348.96,354.19,348.96,351.76,4455.06
2016-07-11,343.72,347.1,342.65,343.97,58520.98
2016-07-12,338.23,348.54,329.68,337.26,41526.86
2016-07-13,344.03,354.67,333.78,344.36,11752.85
2016-07-14,338.46,341.21,330.03,337.83,8970.18
2016-07-15,341.34,360.4,326.75,343.18,9880.19
2016-07-16,376.69,392.01,372.86,380.48,7179.66
2016-07-17,397.33,414.64,390.78,397.67,5709.52
2016-07-18,392.65,394.33,386.07,391.96,6997.08
2016-07-19,415.78,428.25,411.38,416.34,2670.25
2016-07-20,409.38,427.83,389.76,408.71,16590.6
2016-07-21,372.73,380.68,362.86,370.42,19881.32
2016-07-22,355.28,363.51,348.14,353.1,61779.45
2016-07-23,324.87,330.66,316.07,322.65,48804.45
2016-07-24,320.18,320.25,313.5,317.62,12315.6
2016-07-25,319.65,325.29,309.18,318.39,18173.26
2016-07-26,347.15,352.19,342.08,346.16,53573.63
2016-07-27,357.76,368.44,344.6,352.28,15485.32
2016-07-28,351.23,351.72,344.09,349.04,25409.06
2016-07-29,361.6,376.82,349.57,364.06,13655.67
2016-07-30,322.3,340.66,313.08,327.17,22865.45
2016-07-31,330.83,337.22,328.44,331.47,23695.06
2016-08-01,346.47,350.88,336.47,344.74,16767.12
2016-08-02,323.6,336.0,309.11,321.13,51979.74
2016-08-03,336.75,357.32,324.12,340.15,11100.91
2016-08-04,348.38,350.13,339.41,346.36,24309.29
2016-08-05,342.98,344.69,335.04,339.89,92320.73
2016-08-06,352.83,355.13,339.83,351.12,28437.61
2016-08-07,394.34,401.72,381.71,393.04,11730.84
2016-08-08,396.73,403.0,389.44,397.15,29298.2
2016-08-09,401.13,418.57,386.18,402.61,155280.72
2016-08-10,396.72,398.25,390.75,394.24,22893.25
2016-08-11,380.5,380.51,375.76,378.73,41849.26
2016-08-12,394.02,399.17,391.55,395.05,22278.48
2016-08-13,386.25,386.25,375.99,379.39,27647.91
2016-08-14,377.16,387.38,377.16,381.29,20834.7
2016-08-15,372.34,378.96,367.73,373.03,9822.13
2016-08-16,380.1,390.83,377.96,382.46,29916.55
2016-08-17,390.55,395.89,385.66,389.35,8339.14
2016-08-18,404.88,415.93,404.88,410.27,17284.33
2016-08-19,404.82,420.39,387.75,400.75,102405.26
2016-08-20,399.26,402.5,391.73,396.08,20945.45
2016-08-21,378.91,387.14,374.13,378.1,10597.02
2016-08-22,369.59,378.93,360.38,370.51,26889.5
2016-08-23,380.16,386.34,364.07,377.99,14243.47
2016-08-24,393.9,400.3,387.95,392.86,24199.31
2016-08-25,378.93,385.56,364.79,376.07,8652.86
2016-08-26,392.65,406.36,378.69,393.03,41395.75
2016-08-27,420.04,429.49,411.2,420.65,24524.03
2016-08-28,431.84,431.84,425.66,429.91,9960.14
2016-08-29,474.42,479.48,453.98,472.03,29626.11
2016-08-30,454.51,458.74,450.32,455.15,104450.41
2016-08-31,430.12,441.05,419.37,428.86,11744.58
2016-09-01,394.24,402.92,380.95,393.65,40672.51
2016-09-02,425.82,430.48,420.69,424.23,31011.4
2016-09-03,443.17,455.14,424.17,438.71,30658.5
2016-09-04,436.95,441.82,433.69,438.18,45625.57
2016-09-05,442.6,458.72,430.71,444.89,17792.6
2016-09-06,422.58,433.47,409.73,421.66,25073.92
2016-09-07,458.05,465.73,454.8,460.03,24029.12
2016-09-08,459.44,467.21,455.86,462.81,11202.36
2016-09-09,468.98,476.54,447.91,465.28,32065.89
2016-09-10,476.87,481.13,475.85,477.97,16627.08
2016-09-11,480.48,489.97,480.48,486.81,96093.51
2016-09-12,494.71,500.53,485.12,491.38,14804.67
2016-09-13,477.01,487.5,472.42,478.69,7727.25
2016-09-14,489.64,496.14,473.0,487.38,54461.3
2016-09-15,525.87,527.82,517.4,521.35,12260.45
2016-09-16,548.14,553.96,536.88,547.31,8428.46
2016-09-17,573.55,585.22,573.55,579.56,30351.82
2016-09-18,565.23,574.87,565.23,570.14,64628.69
2016-09-19,548.59,564.45,536.65,551.56,40133.17
2016-09-20,549.71,559.35,537.11,549.96,14082.02
2016-09-21,557.16,558.45,544.25,551.86,24659.88
2016-09-22,575.6,584.09,563.43,574.26,17687.19
2016-09-23,553.4,553.46,531.86,542.05,84001.62
2016-09-24,565.88,595.62,544.12,572.71,15687.51
2016-09-25,570.96,596.31,547.2,570.41,24091.67
2016-09-26,560.79,571.99,547.53,562.79,25480.87
2016-09-27,545.04,549.76,534.2,544.02,8793.51
2016-09-28,517.4,517.4,511.36,514.18,19054.65
2016-09-29,535.31,535.31,521.42,530.0,19310.55
2016-09-30,532.39,538.04,521.35,532.16,66916.29
2016-10-01,512.94,518.17,497.29,509.43,25988.93
2016-10-02,488.43,502.2,468.75,487.59,16420.05
2016-10-03,478.46,500.45,464.94,482.61,19786.02
2016-10-04,512.47,526.57,490.9,512.41,21074.12
2016-10-05,506.49,518.96,496.21,508.54,21550.77
2016-10-06,482.96,493.96,473.26,483.2,46666.43
2016-10-07,476.51,485.62,474.84,479.78,48617.52
2016-10-08,476.53,479.82,472.27,475.94,10058.19
2016-10-09,434.78,439.86,419.62,433.72,52172.09
2016-10-10,435.13,435.13,431.56,433.55,40498.09
2016-10-11,431.77,437.93,426.73,430.7,21283.77
2016-10-12,447.77,452.12,436.07,441.99,6828.87
2016-10-13,480.53,487.71,453.65,472.25,26337.55
2016-10-14,490.38,500.36,474.93,491.98,16744.79
2016-10-15,491.89,498.04,481.45,488.1,34642.33
2016-10-16,478.22,487.85,460.38,470.26,37267.75
2016-10-17,519.46,523.84,508.82,515.36,63874.94
2016-10-18,520.17,530.44,510.48,517.2,9513.86
2016-10-19,510.68,531.26,509.49,518.23,123028.08
2016-10-20,516.25,528.59,499.03,518.57,45511.04
2016-10-21,521.24,541.81,495.06,522.96,39377.93
2016-10-22,526.89,528.08,516.69,521.11,103017.43
2016-10-23,508.52,525.25,504.18,511.51,28670.44
2016-10-24,502.23,515.57,492.44,502.57,50823.13
2016-10-25,506.13,527.11,486.57,502.75,25463.71
2016-10-26,490.95,501.42,490.29,494.02,43551.03
2016-10-27,483.64,501.52,471.52,482.57,56280.9
2016-10-28,485.67,499.65,477.26,485.09,51844.99
2016-10-29,484.89,491.4,472.77,481.51,6629.05
2016-10-30,510.97,514.45,495.82,508.29,15966.36
2016-10-31,466.28,469.63,455.52,463.95,56722.59
2016-11-01,483.52,493.97,472.73,482.74,33101.61
2016-11-02,498.25,527.23,481.77,505.02,21368.87
2016-11-03,470.9,481.28,454.42,470.37,33347.0
2016-11-04,465.67,479.96,457.64,465.46,9187.12
2016-11-05,462.96,466.48,452.97,460.14,41672.61
2016-11-06,437.19,441.16,435.29,438.68,29887.42
2016-11-07,427.68,434.38,424.25,427.54,23766.27
2016-11-08,412.1,417.54,403.85,411.86,19233.47
2016-11-09,436.06,444.28,431.3,438.56,26712.05
2016-11-10,449.66,457.82,448.53,453.84,17834.38
2016-11-11,476.66,483.74,466.87,475.21,17147.12
2016-11-12,492.03,497.35,480.12,488.1,92968.77
2016-11-13,467.54,475.49,460.47,469.89,6243.97
2016-11-14,461.23,471.75,455.54,462.03,6346.61
2016-11-15,473.54,473.54,465.29,470.72,41515.57
2016-11-16,455.04,471.63,443.38,451.69,8370.54
2016-11-17,464.66,476.72,455.38,463.8,4472.3
2016-11-18,462.13,475.01,447.41,460.6,50003.02
2016-11-19,457.22,460.41,452.75,455.28,60863.18
2016-11-20,470.11,477.17,460.3,467.45,7801.89
2016-11-21,471.42,495.4,465.84,475.49,5283.97
2016-11-22,477.44,485.47,455.69,470.23,8379.8
2016-11-23,491.51,494.72,484.88,490.43,12695.98
2016-11-24,475.69,481.1,464.52,472.93,102721.83
2016-11-25,481.02,505.62,466.42,483.96,15757.2
2016-11-26,494.12,509.34,486.98,494.86,43240.59
2016-11-27,491.74,499.07,476.4,490.26,39591.86
2016-11-28,489.46,504.85,487.69,496.63,64024.3
2016-11-29,472.64,489.7,464.06,476.07,13465.98
2016-11-30,489.6,496.6,487.28,492.46,22045.19
2016-12-01,485.0,505.62,472.28,490.01,18650.0
2016-12-02,482.26,485.68,479.8,481.85,34173.59
2016-12-03,500.33,512.22,487.41,500.62,58797.87
2016-12-04,494.74,495.57,485.07,489.16,126966.45
2016-12-05,462.15,473.75,451.18,466.33,16252.9
2016-12-06,443.1,447.28,438.81,442.27,24864.48
2016-12-07,449.24,470.29,441.75,452.43,44429.13
2016-12-08,427.3,443.73,425.6,433.25,36219.09
2016-12-09,463.56,466.22,458.31,461.39,87597.69
2016-12-10,431.91,434.21,424.79,429.61,20364.97
2016-12-11,458.59,461.5,449.74,456.57,16161.73
2016-12-12,455.79,480.64,444.11,460.65,66800.29
2016-12-13,460.09,472.45,447.57,459.78,28306.6
2016-12-14,453.93,456.82,440.36,451.77,34216.27
2016-12-15,462.31,465.14,455.59,458.81,20957.38
2016-12-16,461.2,473.54,452.52,458.9,46633.38
2016-12-17,481.37,498.55,470.0,477.68,11121.93
2016-12-18,484.41,497.37,467.71,480.31,15400.65
2016-12-19,483.98,499.82,474.69,483.57,2671.12
2016-12-20,480.08,480.59,475.95,478.17,13449.37
2016-12-21,481.73,481.73,474.89,477.94,46817.13
2016-12-22,485.35,488.82,481.58,483.84,23062.92
2016-12-23,460.79,460.81,447.55,456.41,10606.41
2016-12-24,438.57,438.57,433.22,436.03,69671.67
2016-12-25,445.93,456.16,441.77,448.19,24810.13
2016-12-26,446.84,462.14,442.89,451.56,86099.66
2016-12-27,449.4,459.54,433.26,449.33,44071.56
2016-12-28,446.04,465.12,443.74,450.3,25817.27
2016-12-29,456.8,473.31,444.89,456.49,96408.94
2016-12-30,448.6,461.12,441.87,448.62,16456.53
2016-12-31,441.77,442.68,433.55,437.22,9247.3
2017-01-01,442.67,452.27,432.37,440.89,79821.38
2017-01-02,430.03,430.91,420.23,426.69,36005.66
2017-01-03,431.78,442.04,420.46,433.48,67708.89
2017-01-04,414.02,415.69,402.16,409.02,44917.22
2017-01-05,427.69,440.39,410.4,424.65,82664.96
2017-01-06,433.86,440.23,427.05,432.38,14745.51
2017-01-07,430.62,445.04,428.5,436.93,19093.17
2017-01-08,457.17,469.51,441.85,452.9,18938.43
2017-01-09,484.95,484.95,476.81,480.8,19153.59
2017-01-10,498.97,508.21,482.05,498.93,6345.4
2017-01-11,468.62,475.65,456.54,468.5,25319.21
2017-01-12,446.8,467.81,437.53,448.65,41817.4
2017-01-13,433.87,448.52,424.57,439.61,12882.54
2017-01-14,438.69,452.27,431.45,440.67,10690.67
2017-01-15,453.67,453.67,447.45,449.4,19919.66
2017-01-16,442.57,451.02,430.56,438.79,41592.01
2017-01-17,439.59,457.78,434.61,442.33,9391.31
2017-01-18,429.43,440.18,420.42,431.43,143790.95
2017-01-19,425.06,425.06,417.31,422.93,7851.2
2017-01-20,399.93,411.45,395.65,403.22,14056.12
2017-01-21,388.74,405.93,371.08,390.98,54963.27
2017-01-22,372.19,384.39,355.35,373.47,48091.57
2017-01-23,357.55,368.65,351.36,361.48,44828.88
2017-01-24,374.0,379.34,372.0,375.62,12817.0
2017-01-25,362.37,372.56,358.58,363.89,14915.16
2017-01-26,396.72,409.03,392.56,399.6,11183.31
2017-01-27,411.5,417.77,395.4,407.17,17176.49
2017-01-28,406.6,418.95,401.84,410.43,30143.0
2017-01-29,398.43,403.31,394.76,398.88,11139.83
2017-01-30,406.52,420.93,397.88,409.39,5480.45
2017-01-31,401.16,407.76,393.7,401.83,56541.47
2017-02-01,401.17,420.95,392.59,404.16,19211.48
2017-02-02,442.97,452.51,435.04,442.71,40399.33
2017-02-03,443.02,445.33,438.46,441.88,17339.96
2017-02-04,465.81,465.81,450.59,460.71,34291.87
2017-02-05,448.06,453.64,446.39,450.18,142798.03
2017-02-06,456.14,465.96,429.32,450.31,8898.24
2017-02-07,476.72,484.03,471.72,479.82,11925.53
2017-02-08,469.21,481.46,456.57,470.11,10807.63
2017-02-09,508.29,508.29,492.22,501.65,119672.71
2017-02-10,526.96,529.46,496.73,515.0,21915.62
2017-02-11,512.54,516.2,497.24,505.72,45217.01
2017-02-12,516.89,527.3,498.55,517.82,2682.24
2017-02-13,538.76,543.39,527.7,536.55,30012.66
2017-02-14,552.18,555.4,543.48,549.18,16670.38
2017-02-15,522.03,525.85,517.09,520.59,67535.25
2017-02-16,504.17,517.39,489.66,508.27,37658.04
2017-02-17,505.59,508.31,502.71,504.64,15890.2
2017-02-18,502.05,512.02,492.48,504.09,78674.33
2017-02-19,511.93,535.32,502.46,515.93,84688.5
2017-02-20,518.63,541.26,500.11,519.93,74165.63
2017-02-21,498.19,502.84,483.97,496.93,40908.0
2017-02-22,508.39,514.0,495.76,504.35,17807.85
2017-02-23,514.96,518.46,512.04,516.01,26771.54
2017-02-24,526.68,542.13,506.61,527.01,15934.82
2017-02-25,551.68,560.99,526.59,548.15,26557.36
2017-02-26,565.55,572.98,554.7,565.23,13830.41
2017-02-27,577.01,586.16,565.19,575.25,19433.77
2017-02-28,575.06,600.21,561.56,574.7,123666.07
2017-03-01,543.94,561.47,527.06,543.06,28529.05
2017-03-02,547.35,560.07,543.19,552.12,15775.17
2017-03-03,557.52,568.29,549.34,556.98,9227.81
2017-03-04,569.57,572.75,558.03,563.14,20546.49
2017-03-05,540.07,545.58,536.67,539.34,40382.24
2017-03-06,516.62,533.71,503.93,520.09,24806.78
2017-03-07,546.82,562.67,518.47,540.43,21305.23
2017-03-08,543.61,555.01,532.33,540.49,31267.42
2017-03-09,557.78,559.87,549.51,554.37,30502.48
2017-03-10,559.05,578.78,530.83,555.76,39119.78
2017-03-11,552.15,564.52,549.31,557.17,39963.56
2017-03-12,579.62,587.91,565.44,576.64,20737.11
2017-03-13,573.45,577.21,548.43,567.16,19920.18
2017-03-14,567.74,573.9,562.64,569.93,22271.67
2017-03-15,552.96,574.46,549.78,561.62,34838.55
2017-03-16,555.6,569.91,546.17,553.98,54559.59
2017-03-17,548.98,553.48,544.71,548.84,16992.58
2017-03-18,547.09,557.18,546.2,553.95,19518.96
2017-03-19,548.21,553.21,537.86,545.57,11605.19
2017-03-20,573.36,573.89,565.77,570.93,6729.32
2017-03-21,547.67,562.08,543.22,554.17,8265.63
2017-03-22,559.71,564.07,539.85,551.38,9967.67
2017-03-23,546.89,546.89,539.94,543.77,13060.19
2017-03-24,568.67,577.06,568.67,572.88,32156.63
2017-03-25,581.48,584.99,561.24,577.7,9447.3
2017-03-26,603.63,626.82,582.57,599.84,22586.43
2017-03-27,576.76,581.27,562.75,570.31,43507.74
2017-03-28,573.65,584.35,568.98,576.53,11460.35
2017-03-29,599.62,607.3,585.53,595.65,15023.61
2017-03-30,597.14,606.34,591.75,598.27,7745.62
2017-03-31,619.42,626.69,619.42,621.93,10397.74
2017-04-01,607.46,622.78,597.16,611.69,66644.16
2017-04-02,635.03,654.57,635.03,643.58,33381.13
2017-04-03,701.58,720.8,687.32,698.56,124541.46
2017-04-04,689.27,705.53,666.45,690.78,12369.73
2017-04-05,666.35,696.85,666.35,681.11,74546.02
2017-04-06,718.16,729.71,707.52,717.73,12457.01
2017-04-07,766.7,774.31,744.34,759.66,14956.76
2017-04-08,739.2,753.16,739.11,747.01,197102.06
2017-04-09,733.0,745.84,726.57,737.21,11446.11
2017-04-10,733.65,741.06,721.05,731.07,79433.39
2017-04-11,684.21,725.92,671.03,698.51,21745.37
2017-04-12,674.53,700.75,642.95,677.42,9422.12
2017-04-13,656.83,676.39,632.84,655.01,7096.81
2017-04-14,635.73,649.31,633.69,638.6,24241.2
2017-04-15,633.94,647.14,633.94,638.78,9071.17
2017-04-16,638.56,672.63,631.83,645.01,17594.51
2017-04-17,673.21,698.13,664.45,682.0,4860.18
2017-04-18,656.23,673.5,639.94,659.57,29601.27
2017-04-19,689.49,703.14,667.27,683.71,6493.29
2017-04-20,692.47,701.55,660.49,679.63,21254.8
2017-04-21,679.67,708.66,654.36,679.47,7371.44
2017-04-22,700.54,700.54,691.82,696.76,59481.49
2017-04-23,665.87,697.96,645.09,670.92,4122.94
2017-04-24,669.58,709.21,653.68,680.98,17784.37
2017-04-25,696.14,700.78,680.33,685.98,34893.24
2017-04-26,695.63,723.28,679.2,698.96,29728.62
2017-04-27,711.19,715.63,699.11,707.13,8229.17
2017-04-28,772.72,787.98,743.39,771.74,5554.03
2017-04-29,759.08,759.08,748.12,755.84,41726.9
2017-04-30,748.7,756.79,719.06,743.03,20223.86
2017-05-01,729.71,737.01,720.85,728.09,9470.25
2017-05-02,717.37,740.67,699.66,715.15,42928.38
2017-05-03,707.21,711.47,694.62,700.42,14223.09
2017-05-04,728.88,742.01,721.42,731.28,13192.95
2017-05-05,777.82,777.82,759.86,769.71,11166.76
2017-05-06,751.34,772.96,729.1,755.62,12163.78
2017-05-07,735.48,740.47,730.47,735.02,11813.66
2017-05-08,752.14,755.05,742.01,748.37,29036.2
2017-05-09,725.57,756.33,719.92,735.15,77182.06
2017-05-10,761.07,761.34,729.47,752.75,7305.25
2017-05-11,762.14,780.74,728.17,759.25,17001.29
2017-05-12,726.19,726.19,714.73,721.1,19573.19
2017-05-13,775.07,784.57,750.91,762.38,32388.44
2017-05-14,812.98,823.24,802.32,813.05,49290.31
2017-05-15,805.49,805.49,790.91,797.0,19673.82
2017-05-16,792.77,806.8,765.81,787.44,13422.54
2017-05-17,798.02,824.16,771.22,796.55,35489.14
2017-05-18,796.42,823.66,781.34,807.14,6018.78
2017-05-19,817.78,840.05,812.86,827.2,4023.41
2017-05-20,888.85,910.18,870.84,888.82,177814.15
2017-05-21,881.16,901.64,861.73,884.66,11728.97
2017-05-22,863.13,905.31,817.75,861.58,16070.2
2017-05-23,831.23,832.86,809.91,822.2,34545.84
2017-05-24,808.19,814.12,793.04,802.64,29502.53
2017-05-25,798.44,810.77,790.1,802.91,45380.21
2017-05-26,862.58,878.03,842.76,856.24,47368.34
2017-05-27,835.98,851.14,829.15,842.13,7054.26
2017-05-28,842.26,868.81,821.59,850.03,61754.23
2017-05-29,853.42,863.23,843.65,850.82,33660.33
2017-05-30,882.5,918.43,867.91,888.28,30290.74
2017-05-31,966.89,976.98,963.21,971.88,31436.0
2017-06-01,963.02,984.84,921.36,955.42,3757.71
2017-06-02,945.55,975.71,907.29,940.61,18943.04
2017-06-03,974.17,984.53,964.31,977.08,10347.79
2017-06-04,989.15,1036.23,972.71,1002.18,9225.72
2017-06-05,1064.41,1096.29,1048.23,1070.7,15201.88
2017-06-06,1111.45,1133.18,1058.81,1094.45,43489.11
2017-06-07,1090.77,1107.89,1049.39,1082.4,28266.76
2017-06-08,1119.27,1120.36,1097.5,1106.66,31891.79
2017-06-09,1154.54,1167.08,1138.85,1152.18,15738.68
2017-06-10,1184.19,1213.35,1173.24,1187.53,30412.74
2017-06-11,1219.38,1223.08,1201.82,1210.61,19201.7
2017-06-12,1266.01,1266.01,1239.58,1258.55,48153.71
2017-06-13,1308.05,1324.62,1304.9,1313.09,39354.32
2017-06-14,1372.37,1416.12,1359.32,1380.24,25665.2
2017-06-15,1396.85,1439.17,1371.41,1414.06,11903.74
2017-06-16,1399.61,1429.39,1388.27,1407.92,28111.24
2017-06-17,1424.88,1437.65,1404.42,1417.3,27437.41
2017-06-18,1473.58,1502.31,1434.05,1480.65,24891.99
2017-06-19,1451.81,1465.68,1417.78,1441.07,15451.1
2017-06-20,1473.24,1473.24,1451.4,1461.98,13398.08
2017-06-21,1444.44,1465.53,1429.96,1444.15,29262.96
2017-06-22,1447.59,1492.6,1405.97,1447.78,11385.44
2017-06-23,1522.96,1560.02,1454.37,1516.3,18509.8
2017-06-24,1521.74,1557.59,1514.94,1528.77,36213.55
2017-06-25,1525.61,1583.74,1501.72,1533.55,32240.23
2017-06-26,1457.24,1481.76,1426.27,1464.47,8961.84
2017-06-27,1491.68,1548.79,1463.27,1505.48,28741.52
2017-06-28,1553.29,1570.24,1503.96,1542.19,115086.49
2017-06-29,1659.37,1701.03,1622.91,1665.99,38972.81
2017-06-30,1665.29,1670.18,1634.51,1650.61,18218.6
2017-07-01,1672.87,1677.39,1654.7,1665.82,64610.72
2017-07-02,1682.64,1710.55,1649.79,1682.94,131899.51
2017-07-03,1792.68,1816.55,1699.46,1781.14,45382.35
2017-07-04,1764.46,1804.38,1746.65,1777.88,5692.41
2017-07-05,1786.79,1827.73,1721.85,1798.02,37270.0
2017-07-06,1849.94,1903.24,1764.2,1839.44,66987.4
2017-07-07,1843.75,1883.69,1843.75,1854.27,4369.23
2017-07-08,1828.48,1858.38,1768.37,1828.27,48181.17
2017-07-09,1852.2,1913.42,1817.6,1843.49,19356.9
2017-07-10,1937.06,2000.65,1815.35,1916.96,65313.68
2017-07-11,1874.54,1927.02,1761.66,1852.08,21515.51
2017-07-12,1861.57,1920.29,1823.99,1863.52,29978.57
2017-07-13,1832.36,1853.29,1802.78,1821.14,30360.52
2017-07-14,1889.54,1936.35,1851.56,1901.77,40361.24
2017-07-15,1799.34,1822.46,1791.51,1805.75,32542.89
2017-07-16,1792.83,1835.89,1727.91,1773.43,11078.69
2017-07-17,1799.12,1864.84,1750.64,1799.69,18435.32
2017-07-18,1906.34,1948.28,1866.59,1903.91,22677.08
2017-07-19,1886.66,1929.51,1870.89,1902.38,61000.28
2017-07-20,1874.89,1910.63,1821.03,1868.57,33563.94
2017-07-21,2010.8,2038.28,1948.55,1998.74,13493.78
2017-07-22,1913.82,1928.43,1874.37,1902.82,10922.7
2017-07-23,1747.42,1807.31,1695.62,1764.52,38395.49
2017-07-24,1808.95,1863.15,1748.89,1794.59,15561.78
2017-07-25,1751.88,1850.05,1734.7,1765.98,41542.78
2017-07-26,1706.17,1725.65,1685.06,1706.53,21725.38
2017-07-27,1729.32,1826.83,1697.89,1752.0,73112.85
2017-07-28,1767.12,1814.56,1716.55,1769.66,12611.65
2017-07-29,1723.72,1751.89,1704.64,1737.67,71856.78
2017-07-30,1658.04,1671.51,1644.4,1664.02,49855.75
2017-07-31,1719.01,1731.49,1690.82,1718.19,15974.61
2017-08-01,1772.03,1812.07,1686.13,1760.38,11261.64
2017-08-02,1768.06,1793.68,1731.27,1756.91,106288.53
2017-08-03,1842.76,1940.2,1842.76,1877.03,11067.79
2017-08-04,1820.57,1841.61,1780.12,1810.74,29080.58
2017-08-05,1722.01,1745.29,1675.01,1719.17,29952.74
2017-08-06,1673.03,1688.85,1669.68,1680.56,22888.87
2017-08-07,1668.56,1702.85,1656.95,1680.4,42424.21
2017-08-08,1696.47,1741.42,1650.7,1697.32,10788.59
2017-08-09,1688.68,1696.85,1673.58,1685.57,106611.23
2017-08-10,1714.2,1742.28,1649.92,1709.03,11746.32
2017-08-11,1635.65,1669.11,1623.83,1638.24,20221.5
2017-08-12,1700.86,1783.28,1700.86,1725.74,7191.58
2017-08-13,1716.54,1744.66,1697.38,1723.37,52473.08
2017-08-14,1777.79,1833.64,1763.45,1794.78,103045.37
2017-08-15,1833.53,1833.53,1795.86,1819.17,113480.13
2017-08-16,1852.14,1866.81,1844.57,1851.26,56455.98
2017-08-17,1902.6,1954.98,1848.78,1891.38,16936.71
2017-08-18,1933.91,1941.16,1895.71,1924.14,22836.35
2017-08-19,1975.76,2045.56,1911.72,1970.87,17627.91
2017-08-20,2060.93,2134.55,2027.2,2067.82,8662.5
2017-08-21,2076.14,2104.85,2072.16,2085.21,18055.44
2017-08-22,2106.21,2166.97,2096.36,2140.82,47362.19
2017-08-23,2139.74,2192.51,2073.19,2137.31,11440.57
2017-08-24,2256.58,2317.53,2183.05,2251.17,3698.67
2017-08-25,2200.96,2256.48,2130.28,2201.8,8410.57
2017-08-26,2351.27,2393.07,2310.61,2348.58,44214.58
2017-08-27,2326.13,2385.2,2289.56,2348.8,5811.98
2017-08-28,2232.16,2266.1,2211.53,2237.43,15719.9
2017-08-29,2239.15,2304.2,2140.91,2250.86,16875.46
2017-08-30,2212.85,2242.95,2148.53,2201.14,28170.67
2017-08-31,2271.01,2298.84,2237.06,2270.26,27682.05
2017-09-01,2210.95,2264.74,2201.63,2222.33,31577.01
2017-09-02,2188.37,2217.1,2177.07,2191.17,20343.5
2017-09-03,2038.42,2082.91,2038.42,2054.03,10736.58
2017-09-04,2019.49,2068.33,1985.26,2024.8,46987.63
2017-09-05,1871.59,1902.89,1817.1,1862.91,5556.19
2017-09-06,1750.44,1783.41,1750.44,1765.09,42485.3
2017-09-07,1814.53,1837.45,1798.36,1815.42,56844.62
2017-09-08,1857.63,1961.79,1772.16,1868.84,147731.12
2017-09-09,1879.49,1928.3,1834.52,1899.73,12468.32
2017-09-10,1866.71,1889.67,1796.61,1839.26,14546.03
2017-09-11,1857.4,1866.46,1809.96,1838.95,23762.96
2017-09-12,1832.67,1919.32,1794.29,1841.48,22387.42
2017-09-13,1766.86,1849.0,1698.49,1770.97,44343.03
2017-09-14,1839.21,1902.46,1837.32,1869.45,34604.33
2017-09-15,1909.22,1941.44,1909.22,1930.64,17211.67
2017-09-16,1901.33,1932.56,1899.49,1918.64,21081.85
2017-09-17,1922.82,1933.9,1907.69,1923.33,48116.28
2017-09-18,1938.54,1980.75,1882.4,1940.32,8283.86
2017-09-19,1814.02,1885.28,1762.5,1809.21,18877.64
2017-09-20,1806.07,1829.61,1765.21,1796.32,35462.88
2017-09-21,1760.49,1802.22,1723.18,1756.59,9685.85
2017-09-22,1683.92,1734.67,1651.39,1698.62,1336.7
2017-09-23,1688.88,1747.52,1648.19,1684.51,72238.92
2017-09-24,1805.73,1824.1,1745.34,1796.6,22383.73
2017-09-25,1833.82,1858.39,1821.71,1840.11,8326.41
2017-09-26,1779.71,1826.42,1762.0,1806.4,47523.42
2017-09-27,1863.21,1901.15,1807.01,1845.73,19277.52
2017-09-28,1942.66,1950.84,1921.13,1941.29,9968.5
2017-09-29,1963.6,2047.56,1962.3,2008.15,30699.63
2017-09-30,2048.75,2050.29,1973.8,2015.37,23803.63
2017-10-01,1965.65,2022.7,1911.02,1973.2,13975.38
2017-10-02,2064.57,2083.91,1973.92,2025.05,12342.85
2017-10-03,2062.43,2088.72,1967.66,2056.22,10058.39
2017-10-04,2121.4,2162.63,2074.28,2124.85,41222.1
2017-10-05,2179.07,2209.8,2128.58,2175.88,8438.03
2017-10-06,2247.85,2313.74,2185.79,2260.68,12120.84
2017-10-07,2223.14,2294.56,2157.76,2222.05,24857.84
2017-10-08,2365.5,2365.5,2284.43,2330.4,73793.21
2017-10-09,2333.2,2385.95,2274.6,2350.1,25554.85
2017-10-10,2541.74,2586.17,2487.56,2530.94,36900.49
2017-10-11,2460.08,2528.05,2415.46,2474.33,24989.59
2017-10-12,2629.73,2668.16,2603.46,2633.27,47685.65
2017-10-13,2679.66,2679.66,2622.97,2655.56,108844.63
2017-10-14,2610.54,2618.01,2588.24,2599.59,16260.03
2017-10-15,2575.05,2617.53,2483.87,2559.78,23322.65
2017-10-16,2536.47,2561.17,2490.79,2535.03,26485.05
2017-10-17,2597.87,2597.87,2560.3,2576.81,35245.55
2017-10-18,2608.37,2683.64,2583.16,2628.34,25670.09
2017-10-19,2547.36,2609.13,2519.96,2579.96,14932.7
2017-10-20,2616.45,2637.37,2538.95,2581.63,22940.39
2017-10-21,2778.31,2819.02,2742.1,2786.82,161985.27
2017-10-22,2974.69,3114.02,2894.55,2964.96,29855.91
2017-10-23,3056.51,3081.27,2933.2,3015.11,5040.64
2017-10-24,3033.9,3133.82,2902.76,3023.65,16951.94
2017-10-25,3095.21,3113.86,2976.85,3040.94,23507.38
2017-10-26,3115.0,3206.85,3014.49,3111.61,20808.62
2017-10-27,2989.66,3030.11,2974.75,3006.7,22004.6
2017-10-28,2959.11,2998.45,2959.11,2984.21,29213.31
2017-10-29,2825.92,2829.18,2805.47,2819.14,34800.14
2017-10-30,2811.88,2917.52,2799.43,2863.1,28518.95
2017-10-31,2940.71,3004.87,2895.29,2933.09,49661.0
2017-11-01,2921.96,2922.3,2820.05,2888.24,7012.25
2017-11-02,3055.98,3070.08,3042.12,3056.39,19005.75
2017-11-03,2936.9,2998.52,2886.76,2932.44,32855.62
2017-11-04,2810.55,2888.68,2715.47,2790.11,28421.77
2017-11-05,2831.42,2868.21,2787.73,2816.34,13747.32
2017-11-06,2953.01,3023.88,2877.41,2925.85,15166.34
2017-11-07,3107.66,3143.99,3060.25,3108.13,11874.45
2017-11-08,3008.04,3124.65,2976.71,3063.21,50821.46
2017-11-09,3215.81,3253.52,3083.0,3185.84,5298.55
2017-11-10,3180.24,3228.73,3139.42,3186.32,8363.67
2017-11-11,3150.77,3232.06,3150.77,3171.88,32582.9
2017-11-12,3285.23,3322.72,3185.54,3276.43,36061.54
2017-11-13,3362.14,3461.62,3295.54,3357.13,6583.37
2017-11-14,3162.61,3230.4,3106.42,3181.69,38482.19
2017-11-15,3320.96,3401.98,3286.66,3355.47,27016.8
2017-11-16,3540.03,3585.96,3410.39,3526.81,35429.53
2017-11-17,3432.12,3528.88,3349.02,3455.61,24822.46
2017-11-18,3512.28,3599.12,3458.77,3509.07,32953.14
2017-11-19,3586.32,3653.41,3506.45,3575.64,33915.76
2017-11-20,3641.82,3655.49,3554.39,3613.82,34262.23
2017-11-21,3610.39,3619.38,3491.43,3550.21,28521.88
2017-11-22,3479.52,3519.39,3428.37,3472.93,21881.38
2017-11-23,3463.21,3585.11,3357.19,3475.04,21986.05
2017-11-24,3674.18,3724.89,3536.38,3626.07,28243.39
2017-11-25,3732.31,3813.01,3634.56,3701.27,45529.11
2017-11-26,3663.98,3737.97,3539.03,3659.05,113192.17
2017-11-27,3772.0,3877.56,3689.89,3764.87,35941.35
2017-11-28,3413.47,3550.72,3323.51,3412.74,31657.39
2017-11-29,3562.7,3622.51,3474.06,3558.08,62047.4
2017-11-30,3350.19,3450.14,3285.83,3352.92,32110.37
2017-12-01,3289.77,3372.79,3225.19,3315.63,10005.33
2017-12-02,3193.22,3275.46,3148.94,3192.99,12969.18
2017-12-03,3093.23,3093.23,3036.12,3056.11,100483.95
2017-12-04,3166.81,3270.73,3148.19,3187.62,13176.04
2017-12-05,3133.75,3194.36,3080.5,3140.57,36761.38
2017-12-06,3160.94,3259.79,3071.67,3183.66,10570.99
2017-12-07,3212.68,3245.36,3116.93,3183.21,65137.81
2017-12-08,3263.18,3387.34,3148.36,3241.66,16150.45
2017-12-09,3221.98,3315.84,3177.05,3255.27,24941.76
2017-12-10,3066.66,3169.3,3039.63,3117.0,19401.06
2017-12-11,3254.83,3268.66,3128.29,3232.45,34946.48
2017-12-12,3147.74,3211.73,3142.61,3181.83,26743.26
2017-12-13,3037.64,3062.08,2953.5,3017.65,48142.45
2017-12-14,2962.63,3005.42,2962.63,2977.23,39240.24
2017-12-15,3159.98,3195.88,3061.07,3142.5,29190.08
2017-12-16,3253.8,3327.83,3181.44,3242.28,39299.2
2017-12-17,3194.0,3279.08,3073.39,3207.77,40845.31
2017-12-18,3151.23,3202.63,3143.23,3173.55,16961.32
2017-12-19,3157.21,3176.44,3116.27,3142.73,15949.07
2017-12-20,3365.99,3446.25,3328.64,3384.75,80982.87
2017-12-21,3465.93,3518.48,3349.14,3435.45,41201.08
2017-12-22,3469.53,3566.42,3432.76,3492.78,32393.18
2017-12-23,3636.63,3671.56,3535.06,3626.47,12371.43
2017-12-24,3650.96,3758.42,3578.99,3662.39,5622.37
2017-12-25,3634.95,3674.15,3592.59,3634.78,18592.19
2017-12-26,3595.05,3738.95,3444.29,3615.31,16353.04
2017-12-27,3606.51,3725.65,3538.26,3611.67,18324.12
2017-12-28,3557.27,3677.4,3557.27,3612.39,46468.55
2017-12-29,3686.99,3766.97,3660.1,3711.13,79847.41
2017-12-30,3705.96,3774.15,3674.54,3723.46,57166.9
2017-12-31,3823.71,4002.68,3704.91,3825.91,14520.89
2018-01-01,3829.18,3829.18,3760.91,3799.09,36242.79
2018-01-02,3781.4,3869.01,3724.97,3802.63,15957.13
2018-01-03,3459.45,3459.45,3386.72,3430.76,5368.07
2018-01-04,3556.17,3643.77,3506.74,3580.84,22082.37
2018-01-05,3600.3,3765.37,3539.38,3632.51,64419.56
2018-01-06,3749.55,3903.66,3677.26,3806.93,18030.78
2018-01-07,3299.77,3386.77,3176.77,3283.83,45485.54
2018-01-08,3636.85,3782.79,3538.56,3634.35,13796.08
2018-01-09,3614.02,3631.48,3569.11,3598.26,40733.3
2018-01-10,3795.86,3863.52,3708.9,3791.87,19388.85
2018-01-11,3588.7,3613.98,3562.29,3588.97,79422.52
2018-01-12,3697.94,3796.29,3506.87,3689.54,18304.75
2018-01-13,3549.85,3559.97,3445.38,3489.76,15187.41
2018-01-14,3359.68,3420.52,3261.26,3372.46,75909.31
2018-01-15,3752.39,3752.39,3593.73,3700.04,14828.17
2018-01-16,3678.87,3715.02,3606.39,3653.96,27867.82
2018-01-17,3693.59,3740.26,3616.9,3682.83,14909.48
2018-01-18,3852.08,3877.44,3801.75,3835.06,49382.51
2018-01-19,3858.66,4004.89,3858.66,3919.52,66637.73
2018-01-20,3929.04,4003.59,3884.02,3937.28,13769.4
2018-01-21,3976.34,4019.03,3963.23,3997.78,36604.76
2018-01-22,4570.71,4572.77,4390.47,4494.75,39761.58
2018-01-23,4456.19,4692.27,4264.81,4468.39,26366.35
2018-01-24,4498.96,4561.82,4434.25,4500.03,80813.01
2018-01-25,4726.8,4774.87,4675.91,4728.54,80636.83
2018-01-26,4943.34,5013.01,4943.34,4982.31,12154.48
2018-01-27,5247.5,5447.69,5188.88,5271.13,63534.9
2018-01-28,5461.34,5546.34,5256.5,5425.88,36326.36
2018-01-29,5079.18,5150.02,5079.18,5109.14,29287.25
2018-01-30,5541.08,5571.61,5476.24,5527.31,20149.72
2018-01-31,5166.25,5434.34,5033.59,5203.78,7372.09
2018-02-01,5322.07,5357.25,5131.07,5267.29,30296.01
2018-02-02,5073.13,5097.1,5023.54,5057.15,30795.45
2018-02-03,4964.75,5202.62,4910.64,5025.86,118668.51
2018-02-04,5076.89,5144.16,5037.33,5093.85,14046.8
2018-02-05,5179.58,5290.37,5076.68,5160.85,6665.85
2018-02-06,5242.32,5476.39,5032.92,5255.09,9403.25
2018-02-07,5686.21,5918.11,5447.0,5679.62,86874.03
2018-02-08,5791.59,5867.03,5725.16,5792.48,17032.52
2018-02-09,5744.62,5927.71,5601.04,5705.05,72454.86
2018-02-10,5989.85,6105.79,5813.19,5968.86,24564.08
2018-02-11,6313.21,6589.27,6126.59,6315.65,11271.25
2018-02-12,5922.7,6004.52,5795.76,5921.86,121092.66
2018-02-13,6030.44,6336.71,5826.61,6083.13,70273.26
2018-02-14,6355.05,6456.41,6111.25,6281.31,21281.23
2018-02-15,6205.95,6205.95,6117.77,6170.01,54436.92
2018-02-16,6572.14,6796.56,6259.59,6589.55,27247.24
2018-02-17,6523.2,6780.27,6285.56,6520.71,35003.35
2018-02-18,6595.25,6729.84,6414.93,6542.12,101046.65
2018-02-19,6518.55,6547.02,6417.08,6466.33,7306.57
2018-02-20,6461.18,6742.86,6314.97,6451.98,18491.93
2018-02-21,6041.99,6262.03,5846.53,6089.54,25069.32
2018-02-22,5731.69,5741.99,5583.58,5649.52,31771.65
2018-02-23,6133.29,6282.49,5990.1,6100.04,9020.5
2018-02-24,5839.88,5868.61,5766.49,5829.6,50780.67
2018-02-25,5499.07,5600.47,5492.17,5531.05,9639.15
2018-02-26,4953.89,5109.13,4895.76,4951.59,8841.48
2018-02-27,4712.12,4897.53,4699.5,4781.53,19605.33
2018-02-28,4488.49,4605.54,4378.88,4462.04,108572.95
2018-03-01,4847.85,4847.85,4800.34,4829.33,183194.66
2018-03-02,5073.52,5189.58,4813.81,5064.21,35588.03
2018-03-03,4840.79,4914.14,4828.9,4878.27,19836.1
2018-03-04,5463.12,5472.58,5389.84,5443.44,27456.27
2018-03-05,5727.75,5727.75,5666.86,5700.2,31809.05
2018-03-06,5558.32,5722.44,5455.85,5591.56,78502.76
2018-03-07,4956.66,5005.96,4795.66,4919.9,9063.4
2018-03-08,5523.56,5609.73,5421.58,5500.48,63058.84
2018-03-09,5104.7,5275.08,4890.03,5115.92,7695.76
2018-03-10,4677.13,4730.02,4677.13,4697.77,16285.87
2018-03-11,4922.34,5085.84,4852.76,4929.39,23971.52
2018-03-12,5509.13,5678.08,5445.41,5552.25,33726.25
2018-03-13,5944.68,6046.12,5808.98,5932.33,24356.33
2018-03-14,6110.88,6154.76,6057.94,6083.7,28169.26
2018-03-15,6306.97,6461.58,6141.13,6248.55,25361.98
2018-03-16,6516.89,6597.43,6380.98,6501.42,7304.27
2018-03-17,6753.72,6855.62,6501.88,6732.64,39210.8
2018-03-18,6792.92,6972.07,6705.57,6807.51,47423.21
2018-03-19,6774.87,6898.37,6756.57,6822.57,72561.6
2018-03-20,6757.56,7003.43,6598.43,6780.88,108558.18
2018-03-21,6584.83,6600.55,6409.46,6510.45,34256.37
2018-03-22,6432.96,6632.19,6230.39,6400.49,76142.7
2018-03-23,5882.5,6075.98,5772.77,5863.39,24754.63
2018-03-24,5755.48,5881.58,5755.48,5817.15,7640.25
2018-03-25,5533.83,5638.03,5280.04,5520.02,52336.35
2018-03-26,5152.63,5357.11,5139.58,5208.03,43607.29
2018-03-27,5199.68,5271.59,5199.68,5239.34,24158.39
2018-03-28,5548.81,5777.6,5528.24,5600.17,23111.55
2018-03-29,5809.59,5961.54,5803.33,5845.73,35753.18
2018-03-30,5423.99,5582.24,5228.6,5388.07,18477.73
2018-03-31,5121.86,5283.69,4987.98,5112.59,34322.81
2018-04-01,5302.46,5524.25,5088.59,5342.77,11566.42
2018-04-02,5047.85,5163.72,4953.72,5071.41,12596.91
2018-04-03,5019.68,5083.55,4906.04,4999.75,8361.49
2018-04-04,5152.37,5290.32,4990.7,5123.77,145102.27
2018-04-05,4872.18,4927.72,4818.57,4866.98,25440.37
2018-04-06,4833.25,5006.85,4818.96,4878.03,63096.37
2018-04-07,4534.59,4620.74,4407.75,4549.61,9925.23
2018-04-08,4439.61,4439.61,4344.35,4401.62,20586.69
2018-04-09,4415.97,4565.95,4402.83,4459.17,37046.37
2018-04-10,4117.75,4232.01,4024.96,4105.44,76857.84
2018-04-11,4255.28,4321.72,4098.96,4184.28,14647.92
2018-04-12,4158.54,4215.21,4124.22,4167.66,17184.17
2018-04-13,4314.82,4314.82,4228.29,4271.56,12606.58
2018-04-14,4283.02,4361.07,4226.13,4306.71,21582.64
2018-04-15,4524.27,4803.72,4411.35,4596.9,10563.75
2018-04-16,4590.54,4642.06,4568.69,4611.91,7569.81
2018-04-17,4473.15,4686.19,4362.2,4500.43,29330.12
2018-04-18,4466.0,4539.71,4466.0,4514.47,40787.97
2018-04-19,4609.44,4683.7,4509.22,4624.89,9607.53
2018-04-20,4658.96,4729.5,4547.08,4622.31,13931.38
2018-04-21,4595.88,4719.89,4460.95,4617.83,22058.63
2018-04-22,4431.83,4516.32,4384.04,4445.2,93329.5
2018-04-23,4334.4,4428.91,4163.92,4287.4,2464.51
2018-04-24,3961.19,4055.83,3927.08,3985.05,33746.15
2018-04-25,4357.8,4513.62,4191.42,4336.33,40947.32
2018-04-26,4007.16,4166.56,3913.1,4062.65,13389.99
2018-04-27,3882.31,3958.98,3873.44,3912.55,17854.65
2018-04-28,3756.77,3837.3,3620.89,3763.2,30737.31
2018-04-29,3961.58,4008.33,3834.93,3923.62,23060.7
2018-04-30,3826.55,3905.59,3826.55,3854.6,91826.68
2018-05-01,4060.2,4157.27,4051.84,4090.45,25708.15
2018-05-02,3951.75,3989.73,3897.91,3943.15,47047.17
2018-05-03,4000.37,4094.65,3869.13,3986.57,33890.05
2018-05-04,3780.45,3937.7,3650.61,3812.04,41067.57
2018-05-05,4213.26,4288.09,4197.49,4230.93,12745.5
2018-05-06,4009.62,4021.86,3899.77,3975.06,27762.04
2018-05-07,3987.03,4156.61,3939.05,4025.03,22446.22
2018-05-08,4153.49,4334.61,4061.62,4142.17,13364.41
2018-05-09,4198.64,4304.67,4101.23,4216.1,49742.03
2018-05-10,4211.44,4247.85,4056.97,4164.71,4728.64
2018-05-11,4144.52,4221.93,4024.4,4125.37,69606.06
2018-05-12,4151.07,4183.17,4034.75,4122.03,4015.76
2018-05-13,4062.04,4163.61,3954.99,4079.59,20937.15
2018-05-14,4296.34,4387.89,4146.06,4268.19,50433.38
2018-05-15,4783.07,4850.58,4662.3,4752.71,9255.68
2018-05-16,4627.37,4745.0,4533.31,4608.22,33531.68
2018-05-17,4280.58,4466.24,4102.19,4290.28,30587.7
2018-05-18,4264.12,4415.86,4079.08,4258.59,30841.64
2018-05-19,4772.29,4874.53,4772.29,4830.37,18143.14
2018-05-20,4691.31,4694.89,4587.28,4626.21,16470.39
2018-05-21,4982.1,5078.77,4944.98,5006.29,6849.1
2018-05-22,5413.51,5605.58,5329.07,5428.05,22289.17
2018-05-23,5208.55,5310.74,5162.13,5264.05,50327.56
2018-05-24,5428.8,5526.3,5229.3,5399.73,16809.32
2018-05-25,5864.95,5962.53,5735.19,5840.22,17622.37
2018-05-26,5699.88,5783.27,5586.27,5713.39,86814.31
2018-05-27,5589.12,5675.43,5589.12,5638.59,21327.53
2018-05-28,5429.47,5539.57,5401.94,5460.55,32122.54
2018-05-29,5193.9,5279.94,4917.71,5174.86,37026.15
2018-05-30,5004.6,5036.8,4892.42,4994.55,21087.89
2018-05-31,4682.26,4729.2,4614.35,4683.99,41255.58
2018-06-01,4662.06,4791.1,4584.07,4677.93,52783.55
2018-06-02,4431.1,4559.79,4399.74,4487.77,49122.35
2018-06-03,4556.41,4556.41,4505.24,4526.94,53754.46
2018-06-04,4127.46,4245.41,4105.24,4175.57,4481.56
2018-06-05,4225.59,4314.28,4092.31,4232.51,9295.95
2018-06-06,4362.99,4541.9,4320.94,4399.41,15774.17
2018-06-07,4001.63,4006.86,3884.27,3970.07,12501.76
2018-06-08,4051.69,4124.8,3955.34,4032.91,13298.17
2018-06-09,4263.15,4483.36,4194.68,4275.37,48399.87
2018-06-10,4034.58,4103.01,3924.62,4012.4,25761.7
2018-06-11,4309.34,4390.21,4309.34,4349.31,21319.52
2018-06-12,4425.27,4474.98,4361.43,4428.09,19885.56
2018-06-13,4225.95,4364.27,4212.66,4261.91,17244.73
2018-06-14,4272.06,4308.58,4060.83,4237.31,19563.21
2018-06-15,4357.23,4413.63,4302.33,4344.22,72174.72
2018-06-16,4370.3,4492.26,4261.54,4347.7,5799.08
2018-06-17,4434.44,4489.35,4434.44,4453.03,66050.9
2018-06-18,4265.21,4287.2,4126.1,4239.94,148737.69
2018-06-19,4225.1,4415.18,4111.94,4263.19,65438.66
2018-06-20,3929.51,4035.87,3880.88,3960.35,10702.96
2018-06-21,3921.09,4046.33,3836.68,3926.59,16001.19
2018-06-22,3713.85,3766.46,3697.52,3741.83,53804.5
2018-06-23,3616.33,3649.08,3533.93,3595.92,19245.6
2018-06-24,3799.27,3838.91,3783.12,3813.72,15723.31
2018-06-25,3980.82,4097.79,3920.82,4015.53,21815.63
2018-06-26,4087.35,4179.5,4054.48,4127.31,9658.52
2018-06-27,3917.97,4074.23,3733.41,3896.24,21267.11
2018-06-28,3765.73,3880.09,3765.73,3823.59,8981.34
2018-06-29,4017.76,4201.32,3977.49,4050.52,42181.78
2018-06-30,4098.79,4098.79,3985.67,4067.1,12047.15
2018-07-01,4540.96,4654.5,4459.53,4553.51,24872.78
2018-07-02,4654.1,4654.1,4598.76,4630.03,16748.61
2018-07-03,4676.64,4704.53,4623.04,4660.7,32460.63
2018-07-04,4568.49,4709.43,4474.93,4575.47,46099.93
2018-07-05,4542.34,4615.52,4542.34,4592.33,30036.96
2018-07-06,4499.84,4603.52,4499.84,4543.8,13628.39
2018-07-07,4643.04,4846.69,4599.3,4693.46,15247.44
2018-07-08,4927.61,5157.89,4741.57,4908.68,158617.32
2018-07-09,4730.58,4756.01,4603.84,4705.37,51108.67
2018-07-10,4358.32,4494.5,4282.44,4389.18,20317.78
2018-07-11,3989.65,4039.4,3927.94,3992.16,14934.63
2018-07-12,4082.86,4136.33,3999.33,4082.59,7488.76
2018-07-13,3854.3,3933.0,3700.25,3851.89,58159.8
2018-07-14,3427.41,3570.16,3315.99,3448.43,13262.49
2018-07-15,3551.49,3643.73,3342.02,3505.55,54469.28
2018-07-16,3980.5,4020.56,3921.02,3959.03,45806.03
2018-07-17,3948.28,4052.5,3872.47,3945.97,69718.24
2018-07-18,4085.57,4120.95,4076.53,4102.59,43465.63
2018-07-19,4079.69,4143.59,4075.46,4107.07,20027.42
2018-07-20,4087.54,4111.95,4038.27,4074.57,23978.24
2018-07-21,4237.29,4457.77,4056.11,4253.41,24218.11
2018-07-22,4184.03,4354.68,4025.74,4179.56,19129.21
2018-07-23,4158.96,4388.55,4137.37,4223.13,6477.81
2018-07-24,4260.62,4333.69,4150.34,4278.75,4237.18
2018-07-25,4122.18,4170.81,4043.6,4125.79,43482.51
2018-07-26,4345.52,4345.52,4292.38,4322.61,20571.63
2018-07-27,4240.6,4322.03,4186.95,4272.12,51204.23
2018-07-28,4052.63,4144.51,4046.65,4101.38,17483.32
2018-07-29,4215.21,4317.49,4130.27,4200.27,23704.07
2018-07-30,4001.67,4108.3,3900.95,4003.73,49741.13
2018-07-31,3958.97,4043.1,3958.97,3997.36,82053.44
2018-08-01,3968.07,4016.12,3968.07,3983.57,18355.34
2018-08-02,4171.54,4247.95,4162.1,4193.24,10658.76
2018-08-03,4278.22,4324.52,4164.04,4281.09,62699.29
2018-08-04,4310.31,4337.16,4092.15,4262.93,18877.4
2018-08-05,4389.25,4556.72,4290.72,4427.54,16155.22
2018-08-06,4752.43,4844.3,4630.64,4732.04,17387.63
2018-08-07,4795.16,4924.37,4795.16,4851.3,13500.14
2018-08-08,4853.24,4907.02,4775.92,4839.27,44540.57
2018-08-09,4550.64,4550.64,4487.16,4518.46,8177.56
2018-08-10,4276.13,4410.74,4170.02,4271.29,25775.32
2018-08-11,4171.58,4310.3,4108.31,4194.0,28969.0
2018-08-12,4095.92,4101.28,4007.79,4055.93,14662.09
2018-08-13,4017.33,4106.54,3935.26,4006.15,84179.92
2018-08-14,4010.4,4078.75,3896.42,4005.48,48516.62
2018-08-15,4067.27,4176.92,4031.24,4100.66,16465.1
2018-08-16,4085.85,4167.32,3938.86,4073.99,21747.38
2018-08-17,4139.0,4244.5,4111.79,4161.8,48489.27
2018-08-18,4173.1,4277.53,4071.99,4162.73,25278.33
2018-08-19,3761.38,3795.41,3744.23,3759.92,72261.48
2018-08-20,3607.69,3609.59,3534.98,3576.67,36923.3
2018-08-21,3524.04,3570.55,3487.26,3540.36,28718.91
2018-08-22,3318.61,3347.8,3299.64,3322.58,28414.72
2018-08-23,3435.3,3516.94,3356.84,3413.5,290666.37
2018-08-24,3667.05,3774.15,3562.81,3673.98,10410.14
2018-08-25,3892.46,3934.35,3843.73,3893.13,9833.22
2018-08-26,3827.77,3958.65,3757.82,3840.27,19438.47
2018-08-27,4119.65,4171.83,4078.15,4125.05,72895.98
2018-08-28,4165.62,4219.1,4061.51,4143.38,3301.86
2018-08-29,4095.28,4095.28,3992.54,4061.93,5160.81
2018-08-30,3874.7,4011.7,3839.58,3927.44,17152.1
2018-08-31,3817.87,3890.35,3784.34,3856.9,128614.74
2018-09-01,3767.17,3815.6,3659.37,3771.43,24036.63
2018-09-02,3793.82,3894.32,3729.74,3792.31,9296.61
2018-09-03,3804.8,4009.11,3666.43,3811.43,45492.71
2018-09-04,3783.77,3816.95,3762.93,3800.59,89056.51
2018-09-05,3834.72,3910.4,3825.31,3872.9,14154.27
2018-09-06,4078.13,4119.48,4051.67,4098.15,34067.64
2018-09-07,4312.56,4389.14,4230.02,4284.54,26934.51
2018-09-08,3969.0,4006.32,3940.15,3966.04,37351.62
2018-09-09,3498.95,3637.11,3395.63,3480.14,16232.97
2018-09-10,3600.65,3723.73,3576.46,3635.65,38853.42
2018-09-11,3424.42,3448.36,3331.96,3385.31,45757.05
2018-09-12,3322.45,3421.58,3245.25,3337.45,41395.94
2018-09-13,3150.29,3166.71,3117.95,3138.36,6362.49
2018-09-14,2856.51,2907.47,2817.02,2859.37,7362.09
2018-09-15,2916.39,2991.52,2874.63,2929.04,13373.35
2018-09-16,3043.75,3109.66,2979.03,3033.25,28802.27
2018-09-17,2952.35,2968.05,2911.02,2938.23,36312.77
2018-09-18,2592.85,2592.85,2545.9,2573.47,9926.05
2018-09-19,2509.4,2543.38,2386.02,2496.63,29858.63
2018-09-20,2551.08,2560.64,2515.13,2538.4,49126.59
2018-09-21,2371.93,2417.6,2254.81,2350.41,39209.27
2018-09-22,2375.01,2422.79,2262.26,2364.95,15909.29
2018-09-23,2355.33,2390.19,2318.06,2356.06,17113.63
2018-09-24,2424.34,2450.14,2383.74,2418.03,8146.99
2018-09-25,2440.96,2440.96,2392.34,2425.25,92581.43
2018-09-26,2328.78,2387.34,2216.68,2303.16,33545.53
2018-09-27,2408.37,2523.97,2406.3,2437.83,6336.1
2018-09-28,2374.88,2514.19,2307.13,2411.34,61368.81
2018-09-29,2426.74,2474.37,2321.08,2400.84,38948.45
2018-09-30,2269.94,2328.35,2205.16,2284.52,59667.48
2018-10-01,2212.83,2248.52,2212.83,2227.75,14665.03
2018-10-02,2099.63,2148.5,2099.63,2124.95,16367.77
2018-10-03,2130.62,2144.75,2049.69,2100.35,11941.05
2018-10-04,2297.18,2312.18,2258.99,2281.17,124840.6
2018-10-05,2112.74,2140.51,2112.74,2123.56,15328.56
2018-10-06,1941.32,2025.37,1883.99,1953.09,10626.2
2018-10-07,2096.8,2116.04,2076.59,2095.88,13632.52
2018-10-08,2082.06,2147.32,2011.39,2067.85,17626.39
2018-10-09,1989.13,2058.05,1959.52,1993.82,79279.27
2018-10-10,2080.78,2116.92,2074.07,2093.94,28544.31
2018-10-11,2043.79,2122.07,1972.8,2025.4,61289.82
2018-10-12,2211.92,2249.78,2189.28,2212.38,28798.47
2018-10-13,2278.3,2334.31,2245.45,2281.8,19868.09
2018-10-14,2230.65,2253.54,2173.9,2220.14,9956.3
2018-10-15,2454.05,2484.24,2454.05,2465.6,82414.51
2018-10-16,2393.93,2410.5,2351.22,2384.88,50799.6
2018-10-17,2475.73,2479.75,2449.74,2467.62,54714.72
2018-10-18,2469.77,2530.64,2430.97,2497.32,48290.14
2018-10-19,2617.9,2683.66,2617.9,2657.29,13089.49
2018-10-20,2851.53,2928.02,2772.59,2864.46,28660.77
2018-10-21,2864.64,2918.74,2796.62,2860.46,55309.46
2018-10-22,2752.71,2761.84,2717.61,2746.45,49251.09
2018-10-23,2840.13,2869.05,2774.59,2801.93,26251.02
2018-10-24,2704.43,2724.07,2675.62,2700.46,112240.84
2018-10-25,2947.12,3016.33,2947.12,2977.52,35583.3
2018-10-26,2982.94,3047.33,2908.48,2988.94,66905.88
2018-10-27,2895.65,3038.52,2875.33,2926.05,27240.74
2018-10-28,2940.13,2992.37,2903.4,2944.35,17246.13
2018-10-29,2775.25,2798.15,2674.66,2744.31,50237.96
2018-10-30,2615.92,2634.38,2584.93,2606.35,41505.41
2018-10-31,2743.37,2793.93,2682.19,2759.28,30534.51
2018-11-01,2674.74,2700.24,2624.58,2662.13,11740.92
2018-11-02,2503.12,2642.27,2399.47,2518.79,51740.56
2018-11-03,2522.52,2685.42,2506.42,2579.55,12228.51
2018-11-04,2701.97,2784.92,2669.1,2728.9,43079.19
2018-11-05,2830.65,2875.96,2778.93,2820.31,9632.7
2018-11-06,2973.7,3092.77,2855.71,2955.44,11792.6
2018-11-07,2876.16,2887.98,2787.17,2837.17,29274.58
2018-11-08,2641.76,2666.02,2615.0,2634.57,36696.3
2018-11-09,2860.92,2860.92,2785.91,2831.44,27558.11
2018-11-10,2791.78,2901.39,2722.92,2777.78,15184.59
2018-11-11,2755.45,2779.32,2651.89,2734.94,56363.9
2018-11-12,2939.66,2967.89,2842.86,2913.98,25931.2
2018-11-13,2998.82,3088.34,2888.6,2987.18,27122.48
2018-11-14,3073.1,3173.31,2982.26,3046.9,20505.45
2018-11-15,3366.15,3512.36,3312.32,3385.07,13123.4
2018-11-16,3236.75,3289.23,3236.75,3268.07,57505.65
2018-11-17,3430.77,3451.17,3299.85,3413.0,13997.49
2018-11-18,3422.72,3533.53,3355.08,3412.49,91010.15
2018-11-19,3424.12,3595.29,3370.48,3448.27,12105.67
2018-11-20,3673.5,3828.62,3587.98,3710.98,30463.62
2018-11-21,3798.98,3835.1,3771.11,3795.01,24910.01
2018-11-22,3909.15,4050.12,3726.84,3886.86,21565.86
2018-11-23,4105.7,4191.39,3973.1,4088.7,40861.99
2018-11-24,3971.53,4037.96,3971.53,4002.74,44479.16
2018-11-25,3802.41,3901.22,3765.06,3826.76,36195.98
2018-11-26,3640.49,3659.6,3588.72,3621.1,10029.52
2018-11-27,3274.1,3339.47,3229.68,3272.19,9148.31
2018-11-28,3639.93,3639.93,3582.89,3615.65,8770.31
2018-11-29,3402.53,3461.53,3336.17,3411.36,19254.66
2018-11-30,3383.62,3421.09,3275.21,3363.72,127036.26
2018-12-01,3306.5,3351.28,3201.93,3307.55,22463.39
2018-12-02,3329.35,3442.68,3283.04,3348.72,125545.88
2018-12-03,3503.5,3556.6,3356.8,3477.68,22815.59
2018-12-04,3590.95,3648.93,3576.37,3619.69,26698.49
2018-12-05,3507.23,3544.04,3461.93,3505.15,37760.34
2018-12-06,3470.49,3594.71,3377.1,3465.57,18562.49
2018-12-07,3500.98,3551.3,3461.5,3504.36,28119.38
2018-12-08,3478.03,3572.73,3282.59,3450.68,5997.97
2018-12-09,3745.33,3890.81,3623.06,3728.25,11555.9
2018-12-10,3823.28,3924.51,3764.08,3809.46,6137.56
2018-12-11,3942.36,4122.78,3798.31,3940.2,42195.49
2018-12-12,4101.92,4101.92,4030.14,4060.78,7952.69
2018-12-13,4343.58,4345.35,4217.32,4293.28,73514.94
2018-12-14,4351.1,4480.41,4161.73,4319.33,31608.07
2018-12-15,4060.4,4087.57,3970.38,4036.02,50972.66
2018-12-16,4085.38,4202.8,3970.89,4105.16,14120.37
2018-12-17,3960.16,3991.45,3925.26,3961.71,9618.73
2018-12-18,3866.38,3894.97,3794.62,3846.81,17856.04
2018-12-19,3982.62,4087.94,3878.79,3949.4,55347.21
2018-12-20,4218.96,4305.71,4037.0,4189.06,128820.06
2018-12-21,4200.39,4241.37,4114.09,4180.96,35620.77
2018-12-22,4301.06,4316.17,4196.49,4233.3,8286.24
2018-12-23,4590.59,4739.03,4494.18,4595.57,10976.6
2018-12-24,4666.53,4666.53,4572.3,4637.29,7266.91
2018-12-25,5303.26,5446.14,5060.6,5265.71,21785.32
2018-12-26,5419.68,5550.77,5234.94,5400.5,19395.43
2018-12-27,4949.51,5061.03,4817.81,4930.56,21534.46
2018-12-28,5123.28,5280.39,4904.28,5104.49,10207.59
2018-12-29,5157.72,5233.22,5120.34,5187.11,9434.48
2018-12-30,5533.76,5607.83,5363.84,5516.07,26155.22
2018-12-31,5721.85,5808.31,5487.99,5687.8,35842.9
2019-01-01,5683.4,5762.54,5601.86,5668.8,9425.59
2019-01-02,5359.02,5695.59,5160.66,5439.18,35390.56
2019-01-03,5341.73,5548.14,5341.73,5407.64,51643.38
2019-01-04,5222.5,5304.64,5216.1,5256.91,3742.7
2019-01-05,5154.29,5258.27,5039.07,5158.91,85057.48
2019-01-06,5241.93,5496.66,5070.35,5274.19,42371.57
2019-01-07,5628.97,5664.75,5483.19,5600.03,52198.78
2019-01-08,5740.67,5808.19,5501.37,5686.45,10749.82
2019-01-09,5519.81,5722.33,5306.17,5461.54,45493.33
2019-01-10,5570.48,5657.99,5425.14,5555.51,49952.63
2019-01-11,5852.15,5874.87,5775.39,5801.83,14472.84
2019-01-12,5662.24,5820.01,5473.9,5687.84,45400.22
2019-01-13,5662.84,5774.39,5606.14,5669.72,21775.56
2019-01-14,5628.11,5802.21,5455.21,5681.15,14842.58
2019-01-15,5588.95,5616.74,5467.29,5535.51,20737.06
2019-01-16,5760.23,5789.01,5545.1,5671.04,27825.59
2019-01-17,5639.79,5791.55,5425.25,5655.56,19086.82
2019-01-18,5650.07,5814.88,5650.07,5747.83,12925.29
2019-01-19,5537.75,5662.54,5446.19,5580.4,33254.57
2019-01-20,5475.23,5554.83,5379.74,5503.86,37954.03
2019-01-21,5593.29,5769.15,5534.29,5653.26,27326.56
2019-01-22,5542.29,5709.1,5414.88,5588.35,6658.66
2019-01-23,5955.19,6052.38,5775.09,5945.46,15305.61
2019-01-24,5902.67,5938.15,5805.07,5871.68,12421.12
2019-01-25,5856.37,6004.51,5856.37,5926.92,97559.68
2019-01-26,6106.65,6311.0,6013.18,6132.76,26931.72
2019-01-27,5846.27,5893.42,5791.57,5844.51,19492.64
2019-01-28,5456.48,5602.33,5420.03,5503.44,15511.34
2019-01-29,5234.98,5317.59,5103.42,5225.11,21845.77
2019-01-30,5464.23,5582.94,5387.72,5469.39,44221.2
2019-01-31,5353.53,5547.02,5305.67,5372.81,5598.18
2019-02-01,5844.19,6067.26,5685.61,5884.89,29342.04
2019-02-02,5791.11,5801.25,5735.09,5778.47,16272.02
2019-02-03,5789.07,6013.51,5701.98,5824.65,34412.72
2019-02-04,6071.54,6287.04,5974.18,6156.9,46463.6
2019-02-05,6615.81,6813.95,6530.26,6614.65,14161.08
2019-02-06,7049.64,7251.76,6943.33,7120.22,8329.46
2019-02-07,7368.84,7513.2,7368.84,7438.96,19624.99
2019-02-08,7730.0,7858.09,7659.73,7722.0,70424.59
2019-02-09,7885.36,8095.27,7574.27,7895.65,49215.24
2019-02-10,8069.57,8292.67,7938.42,8125.89,18713.89
2019-02-11,7997.21,8135.91,7834.22,7982.59,15198.55
2019-02-12,7795.23,7800.66,7688.69,7768.88,16089.42
2019-02-13,7794.55,7808.15,7743.55,7779.63,8914.81
2019-02-14,7757.64,7877.0,7579.06,7745.03,47137.91
2019-02-15,7536.54,7828.84,7534.26,7634.59,54457.13
2019-02-16,7915.76,8012.46,7716.28,7834.7,18485.55
2019-02-17,8149.43,8226.86,8033.57,8113.25,16955.92
2019-02-18,8088.61,8273.47,7823.12,8150.61,14485.38
2019-02-19,8595.27,8688.12,8541.18,8596.08,17788.62
2019-02-20,8283.55,8409.61,8182.02,8271.76,14091.25
2019-02-21,8225.62,8374.6,8059.83,8228.21,22394.94
2019-02-22,8151.67,8168.27,7872.41,8036.39,47420.27
2019-02-23,7422.14,7668.99,7387.88,7539.46,43320.86
2019-02-24,7440.05,7774.08,7289.68,7528.96,12817.68
2019-02-25,7370.12,7703.58,7226.28,7508.2,28300.81
2019-02-26,7933.59,8259.44,7614.87,7928.52,42314.32
2019-02-27,8153.02,8251.78,7897.58,8117.69,11934.13
2019-02-28,7866.3,7932.84,7766.03,7843.61,28218.44
2019-03-01,8362.66,8470.21,8312.99,8382.05,67112.25
2019-03-02,8789.65,9003.14,8481.43,8761.16,21021.68
2019-03-03,8933.67,9073.23,8709.63,8954.91,5104.92
2019-03-04,8950.26,9212.15,8690.96,8897.54,3420.67
2019-03-05,8665.79,8665.79,8575.18,8616.63,32714.79
2019-03-06,8454.42,8651.69,8320.14,8517.88,27738.55
2019-03-07,8841.61,8908.22,8771.48,8862.01,29762.48
2019-03-08,9470.94,9787.07,9363.43,9480.47,38252.67
2019-03-09,10135.93,10471.12,9593.97,10021.65,7985.69
2019-03-10,9802.22,10230.78,9443.55,9866.42,13644.73
2019-03-11,9584.95,9737.11,9192.48,9501.51,36290.76
2019-03-12,9450.66,9746.79,9292.65,9562.81,46654.14
2019-03-13,9091.92,9278.09,8612.03,9002.36,20900.38
2019-03-14,9180.57,9456.7,8874.57,9118.43,8176.64
2019-03-15,9073.75,9130.23,9034.21,9085.06,33735.45
2019-03-16,9017.14,9115.69,8764.63,8951.49,26719.16
2019-03-17,8444.29,8572.83,8336.57,8478.26,10917.66
2019-03-18,8581.18,8818.4,8402.56,8645.0,5221.16
2019-03-19,8614.06,8658.08,8282.53,8498.05,40217.26
2019-03-20,8133.99,8364.66,8036.08,8169.35,15457.54
2019-03-21,7439.19,7478.2,7263.21,7399.12,29050.58
2019-03-22,7468.76,7485.06,7335.77,7403.09,28201.98
2019-03-23,7939.55,8012.31,7803.86,7888.66,10074.65
2019-03-24,8413.63,8550.59,8192.28,8373.49,35502.56
2019-03-25,8297.87,8373.79,8121.78,8252.96,12750.4
2019-03-26,8161.43,8258.0,7917.46,8092.96,7648.67
2019-03-27,8260.13,8499.5,8026.3,8239.19,6919.83
2019-03-28,7965.67,8267.74,7759.57,7968.2,25185.06
2019-03-29,7976.58,8186.48,7920.31,8064.9,90529.04
2019-03-30,8317.62,8366.78,8244.12,8296.5,26230.02
2019-03-31,8744.89,8911.24,8548.72,8673.54,106336.21
2019-04-01,8579.94,8893.1,8446.99,8656.16,81358.16
2019-04-02,8591.8,8871.74,8420.81,8607.57,38554.09
2019-04-03,8388.07,8671.22,8194.86,8359.62,89540.05
2019-04-04,8231.75,8327.66,8020.54,8133.35,81498.2
2019-04-05,8006.34,8320.03,7887.74,8081.24,64949.31
2019-04-06,8250.15,8275.14,8159.48,8198.11,5612.82
2019-04-07,8452.92,8553.36,8379.36,8477.19,21064.06
2019-04-08,8210.09,8358.5,8032.1,8254.58,14562.67
2019-04-09,8646.38,8955.08,8510.23,8710.35,65206.98
2019-04-10,8595.72,8798.32,8363.13,8641.04,19960.67
2019-04-11,8682.07,8774.35,8403.5,8647.54,103701.34
2019-04-12,8421.59,8605.59,8327.81,8436.96,27593.32
2019-04-13,7806.61,7891.75,7539.53,7762.26,24610.51
2019-04-14,7978.48,8117.28,7978.48,8018.21,18666.37
2019-04-15,8285.98,8424.72,8150.61,8240.04,21878.3
2019-04-16,8199.91,8465.66,7903.22,8171.55,31408.84
2019-04-17,8104.08,8357.25,7986.04,8203.03,24040.35
2019-04-18,8465.84,8584.41,7979.47,8365.04,17518.95
2019-04-19,7953.3,8047.87,7770.68,7931.74,18242.52
2019-04-20,7845.65,7907.68,7652.8,7797.9,108085.65
2019-04-21,8104.02,8132.5,7889.9,8029.76,124940.28
2019-04-22,7756.04,7817.91,7548.4,7696.41,17250.45
2019-04-23,7779.71,7950.45,7421.71,7787.57,49655.96
2019-04-24,7480.75,7576.73,7174.99,7437.6,12910.68
2019-04-25,7461.73,7888.18,7224.27,7571.36,19317.24
2019-04-26,7597.13,7634.44,7504.12,7573.28,10511.62
2019-04-27,7267.13,7289.75,6874.07,7167.78,56362.23
2019-04-28,7435.63,7543.03,7432.62,7477.23,36912.89
2019-04-29,7351.82,7650.17,7129.44,7298.37,42880.09
2019-04-30,7198.69,7198.69,6942.08,7104.96,50679.32
2019-05-01,7205.26,7234.19,7108.3,7165.75,12431.22
2019-05-02,7532.18,7641.73,7237.02,7470.9,19323.19
2019-05-03,7130.1,7568.28,7060.33,7220.77,35622.51
2019-05-04,7193.03,7316.41,7176.15,7247.23,18930.37
2019-05-05,7452.14,7504.89,7273.16,7367.87,26435.69
2019-05-06,7618.2,7755.44,7356.26,7560.12,13230.21
2019-05-07,7648.6,7760.31,7520.73,7618.37,72748.19
2019-05-08,7516.48,7585.75,7434.51,7532.42,53125.56
2019-05-09,7345.04,7490.3,7211.86,7328.35,67235.24
2019-05-10,7463.88,7519.94,7211.85,7361.52,42366.94
2019-05-11,7095.25,7449.16,6978.51,7101.04,10378.62
2019-05-12,6456.4,6561.37,6315.92,6420.49,16778.64
2019-05-13,6564.28,6600.73,6446.31,6529.13,14071.14
2019-05-14,6713.16,7000.7,6527.99,6749.11,20151.8
2019-05-15,6193.42,6372.61,6059.44,6222.73,57207.48
2019-05-16,6075.81,6075.81,5950.98,6015.67,7529.63
2019-05-17,6184.77,6215.92,6093.09,6156.68,15370.85
2019-05-18,6590.26,6722.65,6490.48,6626.33,18020.61
2019-05-19,6624.57,6713.11,6550.92,6641.11,8637.67
2019-05-20,6432.62,6669.15,6307.67,6483.75,29037.09
2019-05-21,6507.09,6706.66,6281.93,6452.04,18740.06
2019-05-22,6766.62,6873.03,6682.74,6780.28,60284.56
2019-05-23,6625.99,6843.33,6538.66,6638.65,19830.24
2019-05-24,6508.71,6658.35,6371.22,6465.22,35574.06
2019-05-25,6280.91,6643.95,6224.15,6366.44,26972.78
2019-05-26,6164.95,6333.39,5941.28,6166.77,3368.07
2019-05-27,6202.06,6379.78,6126.26,6202.6,7783.65
2019-05-28,6560.35,6724.3,6442.77,6575.38,33552.2
2019-05-29,6630.85,6819.43,6532.55,6660.13,32395.76
2019-05-30,6573.92,6718.08,6525.21,6611.48,23381.05
2019-05-31,6568.93,6614.49,6511.31,6554.12,71523.66
2019-06-01,6164.26,6264.23,6128.67,6214.48,36903.91
2019-06-02,6427.46,6526.9,6346.23,6419.18,86482.61
2019-06-03,6382.97,6543.62,6307.31,6411.33,3441.28
2019-06-04,6355.69,6408.45,6343.1,6380.52,98532.84
2019-06-05,7156.95,7400.36,6913.7,7145.69,15330.61
2019-06-06,7202.85,7306.49,7176.72,7231.63,25453.65
2019-06-07,7125.91,7141.91,6932.64,7054.41,64296.67
2019-06-08,6952.55,7145.42,6752.41,6960.35,4575.65
2019-06-09,7317.46,7448.28,7004.3,7256.7,20383.13
2019-06-10,7251.99,7377.41,7098.39,7296.46,55984.29
2019-06-11,6905.08,6998.28,6898.88,6948.67,15161.05
2019-06-12,7091.02,7419.23,6946.02,7186.64,51791.75
2019-06-13,7003.38,7143.45,6752.06,7031.06,42726.36
2019-06-14,7504.79,7812.47,7123.02,7518.78,28701.43
2019-06-15,7824.98,7968.25,7670.16,7820.16,40673.85
2019-06-16,7753.25,7875.52,7593.06,7710.24,70838.69
2019-06-17,8116.27,8232.48,7739.29,8075.9,40958.76
2019-06-18,8180.91,8219.69,7975.91,8107.26,53216.55
2019-06-19,8306.04,8606.92,8065.79,8365.42,12555.39
2019-06-20,8523.43,8702.35,8393.65,8521.33,40579.36
2019-06-21,8218.73,8371.45,8207.21,8285.03,37539.6
2019-06-22,8139.54,8288.89,8018.0,8112.66,62194.54
2019-06-23,8486.78,8486.78,8300.15,8423.07,10071.47
2019-06-24,8257.65,8552.67,8186.77,8337.45,59957.02
2019-06-25,8278.11,8487.61,7992.39,8232.83,12550.25
2019-06-26,8041.01,8064.82,7813.84,7974.11,164259.9
2019-06-27,8047.48,8339.34,7946.46,8105.36,12431.81
2019-06-28,8755.65,8784.29,8649.5,8725.19,10049.05
2019-06-29,8393.58,8591.61,8214.09,8417.82,20158.28
2019-06-30,8429.43,8538.91,8395.09,8437.6,58852.0
2019-07-01,8850.52,9056.24,8628.95,8878.44,34033.95
2019-07-02,8851.07,9232.62,8593.77,8867.02,98174.01
2019-07-03,9105.45,9249.68,8862.48,9022.05,20190.02
2019-07-04,8700.27,9006.29,8357.98,8705.79,17263.88
2019-07-05,8807.94,9149.87,8519.26,8850.54,14229.47
2019-07-06,8810.82,9071.68,8585.23,8805.96,16795.81
2019-07-07,8973.77,9361.64,8956.82,9128.75,8410.61
2019-07-08,9468.13,9822.87,9223.35,9530.41,15402.15
2019-07-09,10554.6,10646.88,10169.68,10450.21,9968.74
2019-07-10,10667.97,10825.21,10600.99,10680.39,46831.56
2019-07-11,10777.72,11133.18,10696.22,10819.09,86285.75
2019-07-12,10924.4,10974.45,10797.91,10909.3,31569.83
2019-07-13,10855.05,10947.48,10417.75,10791.46,15393.81
2019-07-14,11052.71,11144.23,10736.88,10936.46,47977.22
2019-07-15,10801.1,11000.36,10594.07,10840.22,25595.71
2019-07-16,10883.3,10997.7,10819.61,10920.69,59557.52
2019-07-17,11432.82,11540.59,11291.2,11453.27,12513.87
2019-07-18,11164.57,11308.2,10793.41,11073.4,13152.29
2019-07-19,11546.68,11743.47,11118.08,11541.41,47724.45
2019-07-20,12277.11,12277.11,11791.56,12104.06,26490.71
2019-07-21,12056.69,12338.43,11803.4,12072.24,56488.13
2019-07-22,11383.36,11528.11,10795.3,11225.0,13368.35
2019-07-23,10926.6,11397.52,10686.93,11005.22,37460.2
2019-07-24,11405.36,11770.81,11320.38,11533.6,41329.97
2019-07-25,11532.31,11723.36,11374.5,11541.67,7805.46
2019-07-26,11238.0,11238.0,11049.32,11161.7,26469.9
2019-07-27,10940.79,11499.67,10489.8,10982.7,5275.43
2019-07-28,11271.74,11486.17,11238.09,11327.61,86241.68
2019-07-29,11658.62,11825.78,11352.96,11563.79,9307.07
2019-07-30,11533.57,11533.57,11426.4,11484.71,22932.22
2019-07-31,11283.23,11570.44,11165.99,11355.22,26516.56
2019-08-01,11141.04,11467.69,11015.96,11217.4,12303.52
2019-08-02,10949.5,11037.6,10703.3,10877.34,116020.24
2019-08-03,11420.52,11663.69,11420.52,11527.32,15347.41
2019-08-04,11513.7,11585.04,11256.46,11415.12,21472.35
2019-08-05,11995.82,12035.62,11851.49,11929.79,15468.21
2019-08-06,12516.87,12688.25,12516.87,12601.11,15518.86
2019-08-07,13070.4,13652.04,12743.46,13068.78,25033.52
2019-08-08,12688.06,13185.7,12572.21,12892.16,47809.54
2019-08-09,12969.0,13731.99,12848.47,13095.25,31059.28
2019-08-10,13051.08,13333.28,12487.81,13103.81,14896.06
2019-08-11,12585.93,13122.27,12535.82,12714.88,27034.43
2019-08-12,12979.99,12979.99,12766.02,12879.36,9124.72
2019-08-13,12462.8,12734.12,12059.29,12377.24,69666.07
2019-08-14,13063.32,13215.19,12457.48,12921.96,18182.37
2019-08-15,12718.32,13192.7,12405.84,12732.61,18924.16
2019-08-16,12844.95,13030.38,12521.45,12841.82,5738.02
2019-08-17,13153.51,13166.86,12781.89,12989.25,18189.86
2019-08-18,12936.13,13195.92,12410.09,12891.4,104650.65
2019-08-19,13243.16,13712.18,12953.55,13178.61,44622.72
2019-08-20,12886.2,13223.9,12448.87,12980.83,66240.68
2019-08-21,13304.67,13502.94,13291.31,13402.87,30133.15
2019-08-22,12832.04,12926.69,12718.83,12805.3,3344.66
2019-08-23,12919.81,13026.84,12735.8,12881.38,28797.9
2019-08-24,13696.45,14107.81,13422.79,13806.58,32435.08
2019-08-25,13389.85,13505.2,13201.68,13351.56,56153.68
2019-08-26,12932.29,13201.52,12932.29,13058.15,26518.72
2019-08-27,13316.58,13895.41,12927.86,13315.11,14784.96
2019-08-28,13345.39,13516.92,13345.39,13419.18,25361.12
2019-08-29,13749.8,13854.14,13368.41,13605.26,20936.79
2019-08-30,13826.48,14141.69,13581.97,13860.99,42013.16
2019-08-31,14114.88,14489.21,13720.02,14193.63,25696.36
2019-09-01,14642.45,15208.26,14493.73,14777.9,12683.37
2019-09-02,14864.73,15386.08,14415.9,15013.9,44226.58
2019-09-03,14962.06,15371.97,14387.44,14910.01,15536.98
2019-09-04,15369.63,15369.63,15195.12,15288.07,21910.12
2019-09-05,16482.06,16547.47,16227.02,16363.75,19765.15
2019-09-06,16450.5,16450.5,16061.97,16312.41,34608.79
2019-09-07,16009.89,16227.87,15311.41,15789.07,9486.59
2019-09-08,16563.47,16782.07,16014.11,16437.51,29423.17
2019-09-09,16327.02,16783.99,16185.01,16392.97,68021.13
2019-09-10,15236.04,15732.98,14973.54,15215.41,30426.7
2019-09-11,15488.54,15867.97,15488.54,15696.99,16637.34
2019-09-12,15507.44,15888.37,14790.14,15428.74,21099.3
2019-09-13,15421.41,16172.99,14912.43,15403.02,35801.55
2019-09-14,15805.59,15830.43,15459.54,15606.43,44368.91
2019-09-15,15640.84,16058.33,15322.27,15734.41,94563.91
2019-09-16,16220.84,16303.74,15969.46,16154.22,7779.54
2019-09-17,15805.85,16365.29,15432.76,15933.74,35153.11
2019-09-18,16232.53,16454.71,15867.7,16246.83,33172.33
2019-09-19,15913.14,16344.19,15897.37,16124.08,27065.41
2019-09-20,16751.07,16869.91,16406.78,16571.3,38180.82
2019-09-21,17100.3,17113.01,16792.5,16957.5,24041.38
2019-09-22,16373.77,16893.7,16225.02,16435.93,12897.36
2019-09-23,17134.11,17451.71,16609.62,17098.3,34336.06
2019-09-24,16810.91,16868.84,16745.86,16805.74,48457.21
2019-09-25,17228.95,17879.71,16816.43,17313.77,27953.2
2019-09-26,17581.42,18228.07,17096.15,17564.1,67988.57
2019-09-27,18692.93,19201.65,18501.01,18759.38,24493.59
2019-09-28,18787.36,18847.35,18447.32,18641.17,42741.3
2019-09-29,18411.19,19164.89,18088.08,18442.29,8319.43
2019-09-30,18778.62,18778.62,17912.15,18457.42,177352.73
2019-10-01,18278.63,18502.6,17982.29,18290.02,24528.44
2019-10-02,18854.57,19227.67,18680.64,18837.57,20062.41
2019-10-03,17903.55,18006.04,17587.43,17828.22,23639.66
2019-10-04,17323.74,17650.33,16680.5,17208.5,13570.35
2019-10-05,16612.48,16797.64,16348.99,16602.12,11286.44
2019-10-06,17259.01,17437.48,16794.62,17189.37,29948.62
2019-10-07,18304.08,18968.14,17874.34,18277.35,32233.78
2019-10-08,18124.4,18655.23,17786.19,18237.99,35173.1
2019-10-09,18005.51,18465.98,17973.34,18157.76,28586.16
2019-10-10,18331.64,18737.63,17972.59,18229.66,27511.28
2019-10-11,19245.56,19446.68,18756.43,19014.77,11351.52
2019-10-12,18342.32,18512.38,18342.32,18435.14,19965.28
2019-10-13,18403.82,18775.08,18403.57,18617.49,33629.67
2019-10-14,19069.92,20115.16,18762.65,19292.83,19386.9
2019-10-15,19785.58,19872.95,19489.58,19663.65,37876.92
2019-10-16,19960.44,20519.2,19320.9,19824.27,26966.75
2019-10-17,20401.37,21396.61,19899.45,20561.98,27067.14
2019-10-18,18933.33,18933.33,18345.07,18733.82,34945.69
2019-10-19,19153.23,19660.28,18950.61,19212.4,43930.71
2019-10-20,19021.75,19410.25,18316.72,18805.76,52215.52
2019-10-21,17779.37,18063.03,17137.67,17665.11,142551.22
2019-10-22,17872.96,18400.01,17664.78,18011.01,58503.03
2019-10-23,18863.17,19713.67,18398.68,18926.47,9081.63
2019-10-24,18732.25,19085.86,18650.88,18863.91,12461.78
2019-10-25,19322.85,20242.51,19227.97,19532.92,24025.7
2019-10-26,20655.95,21223.26,20482.02,20697.87,16512.76
2019-10-27,21497.1,22160.16,21419.76,21705.23,42105.65
2019-10-28,22989.81,23219.3,22804.46,23022.03,46628.11
2019-10-29,23953.53,23953.53,23323.52,23663.32,21463.72
2019-10-30,23893.93,24150.69,23009.5,23761.5,81955.03
2019-10-31,22399.32,23049.39,22072.21,22499.6,99635.91
2019-11-01,22226.0,22678.16,21873.37,22340.15,7290.89
2019-11-02,21653.3,22159.82,21240.9,21723.0,9824.86
2019-11-03,23862.02,24217.55,22498.98,23473.09,75832.57
2019-11-04,23160.63,24023.78,22490.51,23364.06,63130.15
2019-11-05,23499.92,23723.94,23119.74,23500.25,47143.95
2019-11-06,24083.55,24172.19,23775.27,23994.22,32013.38
2019-11-07,24281.95,24281.95,23621.58,24066.94,29248.7
2019-11-08,25508.22,26174.53,24350.01,25576.29,49732.14
2019-11-09,24869.49,25928.12,24754.69,25062.51,37044.19
2019-11-10,25330.21,25634.87,24964.97,25271.68,91811.34
2019-11-11,24919.74,25113.62,23800.92,24660.38,18557.32
2019-11-12,23530.83,24019.04,23271.1,23582.32,32025.52
2019-11-13,22962.15,23892.8,22158.16,23117.39,63970.9
2019-11-14,23142.49,23450.21,22676.18,23122.1,35793.1
2019-11-15,22677.27,23091.9,22677.27,22811.47,53556.39
2019-11-16,22259.7,22581.62,22170.93,22298.7,52585.77
2019-11-17,21459.93,21606.09,20951.04,21259.58,21802.87
2019-11-18,21378.23,21800.54,20686.82,21229.65,13531.02
2019-11-19,20147.54,20613.1,19866.67,20170.75,16596.64
2019-11-20,21021.02,21628.06,19945.85,20745.63,12782.65
2019-11-21,21155.17,21558.67,19941.01,20836.81,6900.03
2019-11-22,19935.56,19985.32,19579.39,19830.21,71970.85
2019-11-23,19504.38,19774.12,19504.38,19646.21,6629.66
2019-11-24,18987.16,19348.32,18987.16,19164.48,132028.32
2019-11-25,19623.68,19780.5,18846.92,19408.87,19588.31
2019-11-26,20411.56,20603.29,20123.09,20371.68,24226.13
2019-11-27,19356.23,19466.76,18939.64,19106.23,8856.41
2019-11-28,19009.19,19546.72,19009.19,19212.11,40534.3
2019-11-29,19108.74,19813.87,18815.92,19133.41,24160.33
2019-11-30,19779.23,19864.82,19506.82,19617.71,31464.66
2019-12-01,19678.75,20090.88,19360.46,19794.31,16001.3
2019-12-02,19465.84,19840.32,19029.34,19309.09,43836.35
2019-12-03,19104.54,19379.85,18530.56,19123.33,15396.73
2019-12-04,18629.99,19387.02,17812.88,18625.81,31485.14
2019-12-05,19186.25,19510.65,19050.9,19369.67,43216.28
2019-12-06,19452.26,19755.37,18568.54,19413.22,95418.17
2019-12-07,21144.63,21415.64,20350.45,20780.1,57990.62
2019-12-08,20831.62,21224.86,20291.63,20767.16,32697.28
2019-12-09,20160.49,21059.83,19919.17,20288.99,30043.19
2019-12-10,19486.09,19576.36,18808.77,19270.94,38321.96
2019-12-11,18009.1,18264.29,17864.1,18119.5,54212.91
2019-12-12,17404.32,17614.17,16565.4,17167.94,15972.99
2019-12-13,17178.2,17715.9,17003.05,17355.22,59831.24
2019-12-14,17732.12,18069.75,17132.73,17693.52,13791.69
2019-12-15,16970.79,17089.1,16604.36,16766.07,41503.22
2019-12-16,17205.42,18050.21,17014.76,17325.57,44776.75
2019-12-17,17072.03,17605.92,16555.63,17060.68,16904.8
2019-12-18,17333.3,17390.88,17038.23,17174.3,8436.21
2019-12-19,17870.17,18470.53,17667.98,18198.54,23783.28
2019-12-20,18946.49,19463.22,18484.76,18807.03,3614.97
2019-12-21,18645.95,19156.72,17904.68,18659.07,25642.9
2019-12-22,18322.14,18557.47,17743.31,18113.2,10814.31
2019-12-23,16712.97,17363.63,16091.03,16824.35,347978.3
2019-12-24,16248.5,16775.14,16127.16,16430.79,66883.82
2019-12-25,16263.34,16702.0,15910.62,16334.3,30337.91
2019-12-26,15731.96,16559.77,15387.7,15803.26,82519.54
2019-12-27,15728.41,16446.12,15003.26,15754.44,49920.91
2019-12-28,15761.28,16410.33,15546.64,15820.58,11206.81
2019-12-29,15467.61,16376.57,15429.48,15720.13,17211.44
2019-12-30,15377.91,15517.47,15265.39,15389.6,64378.15
2019-12-31,15532.7,15876.34,14845.96,15503.95,13123.53
2020-01-01,15744.88,15983.62,15529.51,15769.26,38973.32
2020-01-02,15236.45,15291.33,14972.22,15201.57,48342.49
2020-01-03,16005.95,16210.97,15735.82,15995.08,23134.37
2020-01-04,15787.42,16261.36,15753.95,15963.91,32177.11
2020-01-05,15959.92,16220.45,15684.67,15998.43,55440.86
2020-01-06,16439.53,16802.65,16280.72,16424.56,53687.75
2020-01-07,16552.57,16819.27,16351.0,16584.03,41128.56
2020-01-08,16967.27,17341.49,16966.72,17172.34,28675.6
2020-01-09,17541.81,17721.53,16969.28,17371.82,46482.52
2020-01-10,16896.5,17331.91,16726.5,17028.94,5738.38
2020-01-11,17100.02,17515.43,17081.34,17271.66,94467.85
2020-01-12,16624.26,17231.55,16213.9,16618.83,25857.61
2020-01-13,16664.94,17268.4,16327.35,16707.14,15989.29
2020-01-14,16793.18,17227.07,16375.1,16712.77,46504.22
2020-01-15,16732.38,16975.2,16434.17,16616.38,45411.25
2020-01-16,16662.12,17179.61,16102.39,16566.62,13154.64
2020-01-17,15533.69,15637.61,15321.01,15533.91,29883.22
2020-01-18,15328.85,15444.88,15099.63,15261.3,29056.14
2020-01-19,15142.58,15568.75,14984.26,15333.95,27607.02
2020-01-20,15578.34,15814.13,14912.52,15443.13,103666.91
2020-01-21,14871.58,15029.79,14682.29,14919.9,27614.13
2020-01-22,15740.9,15740.9,15475.09,15619.12,25547.98
2020-01-23,15304.64,15304.64,15032.08,15175.46,16343.58
2020-01-24,15697.96,16098.08,15128.83,15722.78,14674.17
2020-01-25,15986.32,16461.22,15755.81,15983.59,38989.99
2020-01-26,15797.83,15919.7,15360.25,15649.59,19473.62
2020-01-27,16376.28,16959.29,16194.94,16677.83,24757.72
2020-01-28,15998.91,16211.56,15758.86,16019.44,33405.3
2020-01-29,16793.52,17141.48,16028.86,16568.01,30231.57
2020-01-30,17298.14,17298.14,17069.78,17184.26,32283.14
2020-01-31,16698.15,17582.26,16425.79,16810.81,32021.33
2020-02-01,17721.37,17981.49,17524.24,17676.89,48091.78
2020-02-02,17412.05,17936.05,16946.52,17549.17,240924.31
2020-02-03,17705.5,17839.93,17609.44,17754.0,78096.72
2020-02-04,17991.32,18100.31,17538.45,17943.4,21917.54
2020-02-05,17959.01,18103.78,17736.71,17886.06,77380.31
2020-02-06,18536.06,18690.66,18016.98,18428.53,12689.39
2020-02-07,19148.62,19148.62,18788.87,18975.94,18883.29
2020-02-08,17705.54,18230.19,17528.24,17876.25,51505.97
2020-02-09,18742.94,18980.93,18469.29,18739.34,50843.31
2020-02-10,17586.15,18214.47,17434.48,17706.61,47232.0
2020-02-11,18327.11,18827.36,18008.76,18385.77,18374.69
2020-02-12,19038.4,19388.25,18726.81,19154.0,18670.61
2020-02-13,18537.86,18744.1,17862.88,18464.09,32760.0
2020-02-14,18381.38,18475.89,17923.43,18227.83,24027.75
2020-02-15,17717.75,17924.9,17361.66,17562.22,59286.4
2020-02-16,17302.43,17888.96,17084.58,17456.77,23301.24
2020-02-17,17278.44,17628.24,17105.89,17295.5,22707.11
2020-02-18,17639.31,18184.37,17501.41,17800.64,7960.34
2020-02-19,18489.84,19168.44,18190.13,18663.98,59578.17
2020-02-20,19523.84,19973.05,19234.41,19627.75,38784.64
2020-02-21,19327.15,19626.86,19001.52,19274.22,4790.03
2020-02-22,19241.86,19455.5,18678.67,19162.31,42514.01
2020-02-23,18187.7,18436.45,17419.31,18093.0,21290.11
2020-02-24,17699.7,18246.84,17242.08,17616.21,54235.93
2020-02-25,18124.84,18585.95,18024.75,18248.62,27037.89
2020-02-26,19522.21,19810.28,18650.52,19339.22,15685.23
2020-02-27,18668.52,19253.48,18193.33,18549.31,117765.25
2020-02-28,18135.83,18357.92,18090.24,18195.9,103355.67
2020-02-29,18151.78,18470.77,18083.16,18206.38,25335.39
2020-03-01,18316.53,18937.66,17846.87,18413.39,39713.94
2020-03-02,17740.56,18608.38,17329.92,17925.81,20277.17
2020-03-03,18318.25,18917.97,17362.02,18221.17,7506.42
2020-03-04,18066.41,18290.9,17489.02,17948.37,84044.49
2020-03-05,17833.13,18150.08,17824.18,17966.23,15475.24
2020-03-06,18159.79,18822.54,18034.68,18340.54,81566.9
2020-03-07,18234.55,18593.52,18183.02,18372.2,51460.19
2020-03-08,18136.86,18364.61,17946.67,18120.88,36940.04
2020-03-09,17878.72,18745.25,17742.12,18078.59,28396.11
2020-03-10,18211.34,18211.34,17955.49,18049.82,51405.32
2020-03-11,17996.78,18158.43,17506.5,17844.33,13893.52
2020-03-12,17770.09,18174.21,17463.02,17709.97,84895.65
2020-03-13,19306.05,19424.94,18812.26,19181.79,33403.13
2020-03-14,19755.19,19960.12,19495.13,19745.91,99259.35
2020-03-15,19563.83,19886.83,19152.42,19491.29,27124.3
2020-03-16,19988.61,20453.8,19937.56,20198.71,33845.45
2020-03-17,20122.21,20285.11,19295.8,19900.83,37148.25
2020-03-18,21027.65,21809.63,20499.09,21109.95,48460.01
2020-03-19,21505.87,21923.33,21176.77,21528.06,130863.34
2020-03-20,21673.7,21673.7,21261.19,21447.31,21626.87
2020-03-21,21917.29,22396.65,21475.76,21955.93,27903.44
2020-03-22,20480.28,20713.32,19879.16,20359.84,29801.83
2020-03-23,19374.56,19499.71,18984.45,19295.13,4679.85
2020-03-24,18031.69,18478.3,17998.64,18226.03,18860.9
2020-03-25,18234.67,19083.37,17971.49,18381.68,19911.12
2020-03-26,20192.06,20192.06,19927.18,20040.36,248678.21
2020-03-27,22493.0,22762.2,22187.29,22389.27,38225.55
2020-03-28,23131.87,24245.43,22452.4,23134.99,46580.07
2020-03-29,23643.62,23985.79,23579.07,23745.37,9769.76
2020-03-30,21827.99,22069.54,21576.54,21772.24,29326.21
2020-03-31,21303.27,21902.62,20854.16,21232.75,64743.87
2020-04-01,20496.49,20978.53,19904.2,20459.42,226921.81
2020-04-02,20046.15,20142.36,19636.22,19876.18,17392.38
2020-04-03,19605.77,20404.48,19086.01,19742.68,7023.13
2020-04-04,19165.51,19779.77,18564.36,19320.18,16049.33
2020-04-05,17707.26,17716.04,17441.05,17560.72,15717.23
2020-04-06,18551.91,18950.85,17344.97,18243.56,15985.4
2020-04-07,17452.2,17730.52,16910.71,17335.35,60020.69
2020-04-08,17748.47,17825.49,17193.13,17566.1,38325.7
2020-04-09,19462.74,19742.21,18903.17,19474.4,12125.55
2020-04-10,18684.19,19027.64,18317.4,18644.5,91810.01
2020-04-11,16528.5,16609.95,16302.86,16495.16,130495.37
2020-04-12,16282.8,16434.85,16233.36,16290.02,7315.58
2020-04-13,17413.17,17426.09,16895.69,17218.77,74379.21
2020-04-14,19150.83,19842.39,18102.08,18981.39,25926.44
2020-04-15,17841.23,18143.48,17371.9,17898.39,13775.43
2020-04-16,18125.09,18849.93,17400.79,18366.88,9196.26
2020-04-17,17970.66,18123.33,17643.77,17979.8,20397.13
2020-04-18,17748.08,18224.71,17558.56,17913.55,19282.98
2020-04-19,20426.23,20719.98,20156.43,20422.36,34082.64
2020-04-20,18837.33,19194.71,18739.28,19000.87,165414.93
2020-04-21,19461.15,19668.1,18980.52,19267.47,19864.01
2020-04-22,19851.82,20384.88,18906.16,19743.71,9741.89
2020-04-23,20963.98,21635.56,19937.22,20853.85,23392.08
2020-04-24,21165.67,21981.01,19991.46,20985.67,70238.41
2020-04-25,21403.58,21557.3,21012.24,21336.82,25148.27
2020-04-26,21054.37,21543.58,20415.55,20962.67,51375.77
2020-04-27,21516.99,21746.81,21092.26,21272.83,35095.98
2020-04-28,20926.94,21224.94,20667.22,20949.49,32032.21
2020-04-29,21734.49,22654.95,20875.66,21629.78,109571.11
2020-04-30,21094.23,22021.49,20847.57,21273.46,14120.01
2020-05-01,21716.5,21851.72,21548.58,21702.73,13399.59
2020-05-02,22096.46,22247.03,21158.93,21704.17,14890.68
2020-05-03,23119.54,23275.31,22521.05,22969.81,41285.58
2020-05-04,22930.65,23907.83,22098.73,22946.43,32677.89
2020-05-05,21113.19,21470.15,20595.69,21068.6,53919.53
2020-05-06,22442.36,23290.08,21752.59,22446.13,29271.95
2020-05-07,21543.82,21673.2,21371.82,21503.96,26275.99
2020-05-08,20790.69,21142.65,20680.66,20857.27,39642.87
2020-05-09,20368.03,20526.36,19734.23,20287.71,117467.26
2020-05-10,21825.88,22373.51,21464.36,21733.67,12162.1
2020-05-11,19604.67,19998.9,19260.53,19603.63,14348.88
2020-05-12,22921.7,23304.25,22255.17,22896.05,32335.96
2020-05-13,24214.06,25142.32,23348.85,24148.23,161635.3
2020-05-14,24347.35,25390.86,23258.79,24450.48,13543.18
2020-05-15,24516.21,25090.88,24029.94,24421.41,31653.14
2020-05-16,24957.49,25392.12,23807.26,24802.69,15890.72
2020-05-17,25781.01,26262.55,25165.63,25482.38,44466.7
2020-05-18,26407.46,27313.33,25904.11,26340.37,6268.05
2020-05-19,26987.46,27536.98,26727.23,27107.96,14402.41
2020-05-20,27245.63,27811.31,26992.41,27268.08,91924.69
2020-05-21,26798.92,27294.12,26505.53,27046.22,33216.02
2020-05-22,27043.23,27411.06,26332.55,26886.78,18125.89
2020-05-23,26465.65,26940.72,26465.65,26671.2,31636.57
2020-05-24,28468.63,28934.23,27705.3,28237.17,31799.44
2020-05-25,29380.88,29634.31,28615.72,29114.12,52946.51
2020-05-26,24950.58,25563.97,24950.58,25245.41,6126.36
2020-05-27,26375.46,26623.59,25575.2,26109.09,14220.36
2020-05-28,26543.09,26543.09,26184.26,26398.98,15236.61
2020-05-29,26353.09,26697.08,26094.52,26414.39,54126.74
2020-05-30,25707.72,26402.96,25592.54,25955.19,32364.03
2020-05-31,27282.03,28149.46,27069.37,27466.11,104919.66
2020-06-01,28639.74,29563.85,28205.3,28814.59,65389.23
2020-06-02,28077.94,28649.17,26845.2,27785.4,25226.17
2020-06-03,28285.73,29389.32,27400.32,28387.71,32209.68
2020-06-04,27304.77,27434.46,26537.52,27108.44,92892.81
2020-06-05,25349.29,25719.11,24777.56,25374.48,101638.09
2020-06-06,24654.89,24983.69,24377.78,24644.03,29639.53
2020-06-07,25422.67,26507.13,24654.67,25746.33,14753.27
2020-06-08,26805.63,27309.76,26805.63,27017.78,6138.22
2020-06-09,27990.7,27990.7,27539.62,27747.24,6192.01
2020-06-10,28758.1,29339.64,28278.45,28793.97,49129.66
2020-06-11,29647.0,29980.09,29046.8,29575.87,48800.42
2020-06-12,28948.07,28948.07,28342.02,28703.7,19597.35
2020-06-13,29331.7,29665.06,28898.62,29361.68,96041.82
2020-06-14,30536.89,31740.24,30020.74,30581.96,29151.21
2020-06-15,32087.71,33198.1,30723.83,31781.06,21787.53
2020-06-16,33741.42,35084.61,33196.38,33738.09,91051.81
2020-06-17,35071.58,35807.97,33911.04,34982.02,83042.8
2020-06-18,35927.33,36673.79,34566.84,35643.09,34973.7
2020-06-19,37618.41,38978.12,36927.25,37618.37,56350.33
2020-06-20,37862.99,38558.0,35838.08,37625.92,62340.81
2020-06-21,36055.31,36549.45,35450.58,36088.75,208725.82
2020-06-22,36136.72,37002.79,34926.96,35855.28,32897.92
2020-06-23,34738.75,35134.69,34118.88,34622.05,14021.29
2020-06-24,33485.15,33845.24,33153.57,33545.64,58715.11
2020-06-25,33378.75,34120.24,32346.06,33358.93,37336.16
2020-06-26,31646.5,32640.62,31646.5,32136.65,38322.06
2020-06-27,32005.63,33273.5,30817.62,31702.86,33993.51
2020-06-28,28705.03,29173.79,28705.03,28936.96,9444.7
2020-06-29,29034.4,30069.44,28881.32,29284.87,41753.39
2020-06-30,29227.79,30561.62,28020.45,29330.57,25429.19
2020-07-01,27816.95,28937.38,27428.38,28221.75,26118.5
2020-07-02,29301.24,29526.71,28910.98,29192.04,24606.88
2020-07-03,30698.71,31335.83,29884.91,30610.31,33348.84
2020-07-04,28223.83,29013.11,27640.19,28334.11,41248.57
2020-07-05,27187.4,27761.6,27027.91,27335.68,32319.7
2020-07-06,26217.9,27024.17,25018.61,26364.14,82353.57
2020-07-07,25339.29,25699.43,24045.9,25215.27,59014.55
2020-07-08,26106.83,26703.53,26106.83,26300.66,30811.98
2020-07-09,26005.79,26429.94,25846.51,26091.16,14231.89
2020-07-10,25572.76,26220.39,25563.38,25889.52,51712.59
2020-07-11,24320.86,25121.06,23470.36,24172.2,24723.25
2020-07-12,24686.33,25172.85,24498.14,24752.91,27950.42
2020-07-13,23841.63,24320.17,23432.77,23737.8,11014.13
2020-07-14,24061.5,24446.81,23538.47,23823.36,44083.16
2020-07-15,24335.96,24709.29,23375.61,24091.88,252991.25
2020-07-16,25097.98,25486.91,25042.9,25304.89,21519.19
2020-07-17,24268.07,24652.76,23752.85,24208.14,52363.38
2020-07-18,22008.69,22503.17,20870.11,21813.0,83586.83
2020-07-19,22109.27,22746.26,21443.29,21986.77,20350.25
2020-07-20,23601.29,24105.26,23079.17,23452.07,4528.16
2020-07-21,24288.34,24700.07,24288.34,24528.16,55734.29
2020-07-22,24880.75,25125.6,24417.09,24745.9,34137.25
2020-07-23,24205.72,24691.81,23868.94,24360.25,40899.8
2020-07-24,25229.28,25590.28,24592.84,25095.84,33624.86
2020-07-25,24416.45,25055.18,23414.11,24291.53,80562.08
2020-07-26,24853.75,25410.89,24294.62,24737.01,29630.64
2020-07-27,25194.01,25347.81,24930.6,25216.33,183015.46
2020-07-28,26484.85,26647.84,24906.73,26208.9,57036.2
2020-07-29,29028.01,29658.36,28320.89,28909.99,75745.42
2020-07-30,29429.3,29648.38,29020.65,29353.79,34081.53
2020-07-31,28662.93,29258.99,28313.78,28878.81,43228.15
2020-08-01,28987.85,29511.07,28449.42,28896.28,8726.09
2020-08-02,27548.06,27548.06,26517.65,27202.13,20819.68
2020-08-03,26292.84,26801.91,26142.36,26588.54,77638.7
2020-08-04,26403.04,26667.3,25782.73,26249.72,30946.29
2020-08-05,25988.11,26272.17,25172.11,25811.3,13202.44
2020-08-06,26347.0,26685.4,25670.05,25988.26,18824.14
2020-08-07,25435.59,25583.89,25060.86,25288.76,18540.29
2020-08-08,26342.45,27062.14,26007.4,26340.2,31681.56
2020-08-09,26469.12,26674.16,25990.06,26379.93,16776.87
2020-08-10,26354.29,27067.92,25931.21,26410.93,102125.03
2020-08-11,26403.81,26634.65,25698.06,26148.76,38515.65
2020-08-12,26163.09,26781.94,26163.09,26330.64,10701.06
2020-08-13,27036.86,27380.81,26717.57,27142.8,112806.32
2020-08-14,26465.05,27314.88,25826.97,26370.93,31520.15
2020-08-15,26050.89,26147.79,25510.53,25809.12,48670.44
2020-08-16,25571.73,26166.63,24557.84,25574.55,41377.74
2020-08-17,24281.48,24718.82,24063.61,24434.4,44564.43
2020-08-18,23739.25,23991.95,23511.77,23779.36,24043.19
2020-08-19,23352.65,24028.67,23153.99,23421.41,41045.55
2020-08-20,24123.41,24802.06,23177.16,24185.52,28231.79
2020-08-21,24360.33,25462.5,23706.18,24445.44,42641.25
2020-08-22,24562.85,24819.58,24267.66,24648.58,27581.04
2020-08-23,25082.69,26051.53,25029.21,25431.81,25624.05
2020-08-24,25408.69,25531.95,25123.04,25347.82,10023.04
2020-08-25,25874.1,26493.13,25213.78,25735.18,32304.03
2020-08-26,25988.71,26347.3,25045.44,25680.87,38798.0
2020-08-27,26138.09,27217.73,24757.35,25959.4,142771.79
2020-08-28,25638.4,26317.93,24998.71,25473.47,47445.36
2020-08-29,23479.88,23927.76,23004.43,23424.41,17643.46
2020-08-30,23091.39,23771.49,23091.39,23349.58,13976.92
2020-08-31,24633.66,25131.76,23795.79,24578.58,39597.85
2020-09-01,25449.38,26150.72,24362.74,25426.52,17806.08
2020-09-02,26446.95,26446.95,26201.16,26339.81,20740.48
2020-09-03,27670.75,28182.62,26930.08,27545.69,18232.13
2020-09-04,27644.03,27980.55,27089.17,27672.78,25543.06
2020-09-05,28298.23,28298.23,27390.43,27906.38,60037.76
2020-09-06,27536.22,27719.89,26938.4,27350.57,6735.78
2020-09-07,27163.93,27290.89,26973.66,27090.28,92929.0
2020-09-08,27822.99,28537.17,27209.19,27722.02,28233.96
2020-09-09,28972.65,29206.06,28599.19,28958.47,20317.96
2020-09-10,28864.55,29091.25,28714.33,28860.74,68566.69
2020-09-11,28086.21,28741.8,28086.21,28452.2,28436.75
2020-09-12,28286.84,29728.95,27663.46,28495.44,14522.78
2020-09-13,29018.96,30305.4,27806.24,29145.09,10009.55
2020-09-14,27850.47,28587.79,27219.46,27750.43,58005.39
2020-09-15,25307.06,25900.73,25036.56,25645.94,59503.3
2020-09-16,25089.22,25893.23,23910.6,25194.26,23153.53
2020-09-17,24051.16,24378.79,23776.69,24176.75,91540.94
2020-09-18,23808.44,23937.72,23576.18,23786.22,32570.64
2020-09-19,23784.94,23958.62,23350.72,23699.03,91472.22
2020-09-20,23240.36,23669.0,23139.59,23361.06,14634.81
2020-09-21,24503.23,24929.05,24231.24,24616.25,13483.47
2020-09-22,24801.04,25775.26,24221.41,24936.76,21294.05
2020-09-23,25159.45,26094.97,24419.41,25238.22,23417.56
2020-09-24,25822.02,26398.72,25381.04,25832.59,81568.18
2020-09-25,25121.99,25617.34,23994.33,24860.43,40571.25
2020-09-26,25610.79,25987.84,25534.61,25819.93,17690.32
2020-09-27,26093.59,26093.59,25612.45,25790.2,32752.15
2020-09-28,26181.21,26853.55,25841.97,26442.21,23235.79
2020-09-29,25701.64,26214.53,24711.74,25506.84,17004.82
2020-09-30,24100.95,24343.29,24079.82,24193.04,29848.67
2020-10-01,24751.27,25542.98,24431.6,24932.97,27566.87
2020-10-02,25568.1,26111.45,24824.93,25301.55,17485.8
2020-10-03,24568.07,25286.59,23647.49,24552.01,17174.01
2020-10-04,23860.0,24369.99,23355.66,23851.7,60779.99
2020-10-05,24792.14,25122.69,24525.51,24847.22,45012.99
2020-10-06,23758.82,24138.09,23639.02,23869.85,67407.09
2020-10-07,25284.56,25790.27,24994.76,25320.39,25717.38
2020-10-08,24381.31,24747.16,24381.31,24571.52,13390.52
2020-10-09,24791.26,25766.72,24370.29,25164.44,20350.18
2020-10-10,24992.2,25249.79,24483.23,24914.01,73033.03
2020-10-11,25724.9,25988.82,25078.48,25483.77,8988.01
2020-10-12,25313.73,25569.76,24242.35,25040.58,102148.03
2020-10-13,24744.78,25471.71,24378.76,24935.69,13213.06
2020-10-14,25047.49,25373.03,24567.25,25008.91,59979.15
2020-10-15,23758.78,24975.76,23590.11,24183.14,14061.5
2020-10-16,24785.76,25951.49,24357.16,24855.63,19929.28
2020-10-17,24610.91,25325.63,23642.45,24449.8,6154.68
2020-10-18,24287.97,24462.53,24048.26,24291.37,140361.63
2020-10-19,23433.37,23774.11,23086.83,23495.73,49943.43
2020-10-20,21510.28,22088.52,20948.63,21512.56,51019.6
2020-10-21,21620.92,21640.28,21185.55,21401.29,20686.69
2020-10-22,23276.24,23639.14,23011.98,23321.9,14942.21
2020-10-23,24021.15,24904.82,23103.23,24007.2,59074.06
2020-10-24,24130.82,24130.82,23941.1,24027.04,12125.62
2020-10-25,23799.16,24624.04,23010.31,23842.71,27709.27
2020-10-26,23625.83,24227.03,23625.83,23897.28,11653.21
2020-10-27,24662.94,24987.82,23937.53,24395.87,35221.92
2020-10-28,23565.53,23565.53,23249.94,23443.32,6799.33
2020-10-29,23979.38,25315.57,23702.14,24412.29,9759.64
2020-10-30,25042.72,25299.49,24795.54,25068.83,16169.94
2020-10-31,25740.98,26264.97,24895.89,25745.55,53052.78
2020-11-01,26469.63,27013.35,25225.58,26182.95,21324.8
2020-11-02,26237.24,26756.74,25336.92,26240.26,71701.67
2020-11-03,26941.6,28114.49,26055.37,26905.88,109334.31
2020-11-04,27553.6,28192.76,27097.49,27510.25,25902.49
2020-11-05,27110.78,27744.71,26506.54,27212.25,10123.43
2020-11-06,26988.62,27500.53,25756.99,26711.42,71093.94
2020-11-07,26676.89,27513.39,25929.82,26847.05,9581.89
2020-11-08,28275.07,28850.81,28028.09,28385.31,16269.04
2020-11-09,27220.09,27480.65,26998.7,27221.39,8472.89
2020-11-10,25620.11,26867.93,24694.06,25897.32,70239.27
2020-11-11,26454.62,26496.98,25636.63,26086.19,51490.25
2020-11-12,26171.75,26646.38,25739.07,26171.92,119034.89
2020-11-13,26544.68,26749.6,25988.79,26370.72,22971.32
2020-11-14,26432.73,26798.01,26323.74,26636.77,16968.48
2020-11-15,26619.88,26979.05,26123.83,26469.17,21512.2
2020-11-16,28105.86,28200.66,27717.66,27927.89,11474.42
2020-11-17,26644.77,27075.46,25998.55,26445.71,102626.9
2020-11-18,26120.53,26133.25,24991.18,25728.43,483271.43
2020-11-19,25559.44,26388.88,25255.27,25674.1,18165.86
2020-11-20,24239.34,24968.13,23251.31,24275.59,51169.38
2020-11-21,23999.46,25218.68,23655.59,24162.85,28082.83
2020-11-22,25628.31,26549.89,24832.74,25648.05,46139.09
2020-11-23,25841.91,25930.47,25596.74,25705.34,75697.28
2020-11-24,26079.34,26132.16,25574.01,25952.64,13034.39
2020-11-25,25196.58,25265.83,24048.63,24870.13,21881.36
2020-11-26,24471.49,24798.15,23281.19,24375.9,83494.51
2020-11-27,24094.11,25003.77,23304.24,24094.0,47738.65
2020-11-28,23654.91,24493.58,23128.37,23863.33,41164.97
2020-11-29,25168.85,25481.12,24491.86,24995.62,48319.51
2020-11-30,25494.61,25930.96,24834.38,25526.56,52618.27
2020-12-01,24764.37,25242.24,23852.66,24589.48,80735.09
2020-12-02,24755.37,25007.74,24601.02,24839.78,58623.97
2020-12-03,25432.84,25432.84,25053.04,25314.67,30985.38
2020-12-04,26466.37,27148.2,25789.37,26384.83,43373.77
2020-12-05,28149.09,28262.85,27649.16,27927.4,31575.7
2020-12-06,27076.38,27295.43,26783.22,26993.06,18137.97
2020-12-07,26104.75,26559.44,26104.75,26277.15,31336.72
2020-12-08,25109.78,25692.35,24102.36,25183.39,29411.95
2020-12-09,24759.22,25513.56,24223.78,25015.46,8263.64
2020-12-10,25502.91,26351.06,24618.18,25465.29,60095.3
2020-12-11,26091.33,26899.24,25404.48,26400.24,69629.42
2020-12-12,26431.68,26992.25,25932.02,26369.68,50515.76
2020-12-13,25359.07,27071.89,25337.33,26115.27,66145.03
2020-12-14,26404.63,26404.63,26125.96,26293.76,28376.78
2020-12-15,25348.85,25809.46,25176.63,25574.65,21457.88
2020-12-16,27346.13,28300.17,26552.84,27556.42,70876.67
2020-12-17,26374.11,27053.54,25181.5,26087.79,13967.28
2020-12-18,26363.71,26772.51,25846.43,26296.44,13620.54
2020-12-19,28460.23,28828.62,27591.21,28268.83,47893.44
2020-12-20,28090.25,29101.66,27849.36,28318.0,46883.81
2020-12-21,28277.09,28277.09,28023.37,28172.5,70341.38
2020-12-22,27833.36,28355.75,27392.75,27864.0,8475.73
2020-12-23,27756.29,28139.64,27393.05,27730.2,30745.39
2020-12-24,29486.24,29563.08,28591.76,29138.83,13689.62
2020-12-25,26757.37,28141.33,26318.78,27008.63,65323.33
2020-12-26,28749.04,29033.55,28183.54,28540.57,97587.26
2020-12-27,27277.62,27417.91,26750.2,27193.78,49450.94
2020-12-28,26935.61,27511.62,26431.85,26981.61,21083.77
2020-12-29,26386.18,27465.1,25754.46,26619.17,18019.47
2020-12-30,27165.15,27414.05,26913.92,27213.99,23763.94
2020-12-31,25604.95,26085.47,25604.95,25772.21,16558.8
2021-01-01,26480.88,26507.04,25725.66,26231.81,28735.63
2021-01-02,28220.75,29160.07,27703.11,28200.05,18337.41
2021-01-03,26780.72,27536.73,26090.15,26926.55,10900.26
2021-01-04,26834.41,27581.88,26087.34,27146.61,44760.4
2021-01-05,26466.29,27881.34,25926.35,26564.69,47271.51
2021-01-06,27271.18,28091.23,26043.9,27004.11,128328.63
2021-01-07,27086.9,27731.2,26343.2,27062.78,23317.95
2021-01-08,26463.45,26903.48,26124.31,26501.65,7218.93
2021-01-09,27119.41,27119.41,26848.19,26998.54,63258.6
2021-01-10,28706.2,29685.24,27871.53,28801.71,70745.91
2021-01-11,28467.57,29031.75,28051.38,28652.86,83822.49
2021-01-12,29523.08,29740.99,29073.85,29427.95,110106.06
2021-01-13,28262.37,29241.82,27411.81,28167.82,109691.32
2021-01-14,27153.33,27707.46,26778.64,27281.39,15135.39
2021-01-15,27600.6,28688.01,26954.14,27777.86,114775.25
2021-01-16,29642.03,30098.79,28529.65,29302.8,26061.61
2021-01-17,29611.41,30275.71,28973.52,29714.34,64492.12
2021-01-18,29092.77,30674.03,28671.36,29434.65,41765.0
2021-01-19,29523.59,29877.52,28910.15,29478.11,15592.39
2021-01-20,28460.43,29010.77,27645.13,28258.2,84658.52
2021-01-21,28861.7,29412.16,28059.86,28905.78,23412.22
2021-01-22,29985.41,30343.54,29047.76,29857.12,150883.55
2021-01-23,29185.91,30610.05,28808.32,29432.52,18427.51
2021-01-24,29141.47,29558.37,28456.38,28995.73,15114.54
2021-01-25,29086.77,30344.16,28662.69,29310.75,19939.24
2021-01-26,28980.05,29346.68,28545.33,28909.47,111535.67
2021-01-27,29063.33,29429.33,27928.16,28885.93,9622.86
2021-01-28,31159.97,31680.52,30407.72,31135.38,71879.55
2021-01-29,30608.14,31667.94,29898.13,30913.68,149580.25
2021-01-30,30334.81,30801.75,30334.81,30574.21,30037.73
2021-01-31,30315.45,30404.64,29672.99,29933.94,24926.48
2021-02-01,30580.9,31265.07,29828.61,30769.99,36751.4
2021-02-02,30808.77,31668.12,29292.37,30621.33,14021.42
2021-02-03,30006.54,30768.72,29135.07,29978.15,284159.28
2021-02-04,31191.63,32120.4,30559.32,31444.2,59381.88
2021-02-05,32954.55,33987.75,32392.5,33095.61,13340.09
2021-02-06,32897.37,33199.63,32027.7,32456.01,18432.27
2021-02-07,30872.49,30872.49,30145.79,30449.11,39638.23
2021-02-08,31509.15,32387.06,30975.62,31589.34,12357.84
2021-02-09,30792.22,31139.57,30451.55,30887.69,10362.39
2021-02-10,31385.21,32857.93,30596.9,31802.02,44137.64
2021-02-11,29335.22,30307.95,28845.72,29727.6,76153.41
2021-02-12,30506.36,32265.27,29664.98,30717.02,71651.6
2021-02-13,29381.33,29829.51,28609.87,29486.31,32371.88
2021-02-14,30289.44,31294.85,29810.48,30295.61,27524.31
2021-02-15,30523.84,31269.74,29205.15,30356.24,35756.37
2021-02-16,29455.48,29657.15,29207.67,29403.52,75023.02
2021-02-17,29195.24,29425.83,28656.72,29031.11,12357.06
2021-02-18,29638.04,30016.46,29638.04,29781.56,18295.55
2021-02-19,29920.06,30616.89,29144.47,29937.01,25234.78
2021-02-20,30512.39,30855.91,30306.67,30601.53,28346.1
2021-02-21,32509.75,33374.62,32324.73,32842.57,33808.59
2021-02-22,30647.74,31563.95,30598.59,31139.5,33942.39
2021-02-23,32825.7,33597.05,32675.36,33002.37,60663.4
2021-02-24,32514.45,34027.91,32176.11,33172.85,8652.22
2021-02-25,32032.08,32352.91,32032.08,32193.82,9734.53
2021-02-26,30909.55,31705.79,29937.63,30775.33,20250.25
2021-02-27,30662.32,30925.55,30383.38,30618.19,68672.45
2021-02-28,31674.86,32096.5,31047.74,31669.43,20680.68
2021-03-01,31873.91,32279.54,30575.2,31575.7,33676.66
2021-03-02,33146.37,34173.39,32240.0,33340.68,39349.94
2021-03-03,31910.27,32642.68,30958.61,31737.12,44899.34
2021-03-04,31566.17,32381.14,31092.65,31771.32,121948.95
2021-03-05,30521.99,30944.19,29845.28,30454.39,59875.32
2021-03-06,30928.71,31350.82,30124.24,30890.77,76680.43
2021-03-07,31965.5,32776.64,31154.33,31912.52,31567.93
2021-03-08,31395.77,31957.86,30938.12,31493.2,113014.29
2021-03-09,28866.32,29048.43,28641.4,28792.77,35661.38
2021-03-10,29129.82,29477.81,28567.48,29037.48,7067.18
2021-03-11,29191.05,30496.7,28888.72,29529.01,242814.62
2021-03-12,30198.39,30389.7,29671.96,29994.79,35447.99
2021-03-13,31059.95,31666.73,31059.95,31367.61,53041.08
2021-03-14,30046.48,30431.29,29864.16,30258.86,14575.7
2021-03-15,31094.49,31626.49,30498.97,31034.41,200547.99
2021-03-16,32560.71,33024.65,31505.79,32405.7,18628.09
2021-03-17,30549.32,30683.53,30174.34,30495.64,25250.28
2021-03-18,30965.47,31304.1,30155.54,30885.03,10158.73
2021-03-19,30114.0,31123.26,29663.5,30390.36,45945.53
2021-03-20,30222.11,31375.81,29365.19,30349.26,27387.8
2021-03-21,30548.41,31057.03,30548.41,30766.94,10027.67
2021-03-22,30069.47,30750.91,29987.02,30292.12,32478.53
2021-03-23,29310.53,30702.51,29089.95,29628.54,36693.86
2021-03-24,29711.67,29878.48,29539.11,29708.5,27931.17
2021-03-25,28978.03,28978.03,28451.56,28642.16,7832.34
2021-03-26,27783.39,28493.59,26606.77,27615.46,41895.29
2021-03-27,27813.78,29250.03,27764.48,28322.42,12146.04
2021-03-28,26916.26,27522.56,26857.01,27247.07,67316.86
2021-03-29,27789.92,28044.98,27789.92,27931.83,21371.45
2021-03-30,28151.53,28654.44,28151.53,28430.36,70422.57
2021-03-31,26743.52,27055.31,26305.37,26804.09,33243.72
2021-04-01,26263.18,27397.56,25628.34,26215.21,34385.7
2021-04-02,27091.93,28062.52,26948.46,27375.09,91894.48
2021-04-03,26443.4,26912.5,25676.26,26490.67,17056.34
2021-04-04,26148.68,26633.71,25581.05,26102.69,13562.52
2021-04-05,26716.65,27050.38,26153.93,26568.09,51123.88
2021-04-06,27381.77,27703.69,27106.5,27347.62,11565.52
2021-04-07,27220.36,27601.2,26321.85,27148.6,17423.29
2021-04-08,26618.68,27703.68,25429.49,26626.65,9272.79
2021-04-09,27800.36,28952.43,27115.83,28027.76,83848.1
2021-04-10,29641.42,30027.49,29588.53,29831.27,15287.6
2021-04-11,30590.16,31352.28,29732.87,30917.34,20461.89
2021-04-12,31428.7,31955.42,30026.19,31056.35,12324.3
2021-04-13,29880.03,30953.41,28759.42,30235.42,25169.41
2021-04-14,29637.37,29793.08,29235.39,29413.34,30260.86
2021-04-15,29650.88,30609.17,29564.77,30001.17,66153.5
2021-04-16,30676.63,31552.91,29327.57,30489.44,11934.06
2021-04-17,32319.9,32876.29,31459.26,32070.49,21642.72
2021-04-18,33161.04,33774.95,32509.67,32858.22,110240.21
2021-04-19,31078.74,31441.88,31078.74,31221.1,79709.41
2021-04-20,32483.29,32770.53,31794.73,32440.65,20438.74
2021-04-21,31223.27,32003.53,30698.24,31374.02,33372.92
2021-04-22,30781.78,31995.43,30088.66,31001.68,166901.39
2021-04-23,31332.29,31635.16,30690.41,31321.3,13350.09
2021-04-24,33856.69,34574.29,32908.3,33637.67,7662.6
2021-04-25,37383.19,38247.46,36279.84,37562.03,24241.73
2021-04-26,38526.99,38645.33,38038.58,38425.8,35148.91
2021-04-27,37959.84,38647.21,37754.51,38237.52,19737.29
2021-04-28,38692.43,40251.05,37992.28,39018.07,82614.17
2021-04-29,40205.12,41808.45,39074.68,40309.73,45372.39
2021-04-30,39835.22,40722.22,38879.75,39919.68,23540.25
2021-05-01,42799.65,43482.37,41900.07,42572.22,25502.78
2021-05-02,42550.5,43334.03,42353.38,42980.84,21695.43
2021-05-03,44558.24,45578.68,42681.44,43801.82,77196.88
2021-05-04,44589.07,45152.06,44589.07,44902.02,27541.15
2021-05-05,45721.16,47544.99,44267.66,45637.89,15592.04
2021-05-06,46961.02,47542.59,46387.6,47068.37,88659.4
2021-05-07,45892.29,48484.3,44657.14,46131.56,32618.75
2021-05-08,45243.3,46146.46,43716.39,45306.78,13597.08
2021-05-09,43895.61,45249.41,42390.69,43660.83,156239.98
2021-05-10,44698.15,44808.03,43784.72,44404.19,65178.02
2021-05-11,45620.38,46212.0,44621.06,45699.93,42043.62
2021-05-12,46631.18,48076.59,45908.66,46507.74,34476.08
2021-05-13,48863.3,51341.68,47850.21,49388.91,33569.31
2021-05-14,49380.46,49860.83,48829.16,49453.36,33046.43
2021-05-15,50860.47,52826.32,49785.78,50700.51,34177.87
2021-05-16,47980.45,50562.76,47426.16,48873.07,26079.23
2021-05-17,48319.01,49209.61,47315.98,48287.76,38265.25
2021-05-18,49485.28,50791.17,48254.83,49551.96,25838.63
2021-05-19,51642.64,52251.08,50067.08,51123.3,51070.84
2021-05-20,50743.71,51667.37,49185.33,50675.96,41738.42
2021-05-21,50819.33,51292.16,50078.62,50625.0,24272.38
2021-05-22,47973.35,49645.13,47441.06,48077.78,38695.34
2021-05-23,47792.45,48435.32,45748.67,47552.01,63712.8
2021-05-24,49351.87,49715.73,47898.6,49130.86,6891.33
2021-05-25,49680.46,51550.24,48991.19,50205.25,67240.4
2021-05-26,51296.76,52767.41,49769.33,51169.46,16019.12
2021-05-27,51821.15,52310.31,49461.23,51335.63,29646.76
2021-05-28,51771.64,51771.64,50943.94,51425.4,4452.93
2021-05-29,50336.97,52640.43,49101.73,50325.95,66646.18
2021-05-30,51782.39,52410.98,51122.26,51649.47,23741.71
2021-05-31,52879.02,53345.63,51781.34,52494.79,29006.22
2021-06-01,52999.48,54365.87,52523.51,53486.79,46951.75
2021-06-02,52789.45,53611.56,51085.73,52589.87,8949.58
2021-06-03,48075.06,51134.61,46526.04,48845.21,43916.08
2021-06-04,51184.25,51924.27,49616.81,50833.56,71543.03
2021-06-05,49909.66,51430.15,48523.18,50063.76,48604.87
2021-06-06,48613.85,49110.71,48238.31,48647.49,30436.34
2021-06-07,49695.74,51124.94,48626.85,49917.52,43636.1
2021-06-08,49295.03,51236.65,47125.53,49311.22,39517.42
2021-06-09,51356.44,53308.88,49702.72,51251.73,78452.61
2021-06-10,52765.68,53002.69,52069.79,52449.17,118030.15
2021-06-11,54359.09,54705.36,52185.29,53799.79,31526.28
2021-06-12,51385.16,51842.19,50726.68,51365.21,51519.56
2021-06-13,52957.9,54199.16,52823.99,53671.34,25642.08
2021-06-14,54812.26,55111.74,52444.04,54245.65,61372.72
2021-06-15,52997.91,55770.27,51795.22,53629.44,63181.58
2021-06-16,53797.82,54797.11,53487.47,53980.17,38386.98
2021-06-17,50603.36,52787.58,48516.01,50802.65,64497.19
2021-06-18,51616.63,52979.72,50642.46,51611.86,43018.14
2021-06-19,49356.23,51030.6,49264.55,49860.22,40607.84
2021-06-20,47126.15,48609.17,46717.01,47626.05,20419.05
2021-06-21,45214.83,46719.41,43878.57,45222.62,46270.32
2021-06-22,46788.56,48011.69,45515.96,47089.1,25871.78
2021-06-23,46629.27,47487.8,44888.71,46132.48,81594.66
2021-06-24,48534.79,49985.4,47264.7,48749.63,21266.81
2021-06-25,47569.15,48325.46,47569.15,47915.77,51350.06
2021-06-26,45808.66,46665.47,44419.62,45204.07,32728.49
2021-06-27,43700.57,44537.72,42512.17,43536.9,49054.35
2021-06-28,45818.05,45818.05,45172.19,45529.58,38604.37
2021-06-29,44652.39,46784.18,43604.14,45349.8,20984.92
2021-06-30,44628.67,45787.93,42780.61,44554.61,96085.03
2021-07-01,45046.43,45725.19,42600.62,44872.1,19760.25
2021-07-02,45745.86,46866.69,45146.39,45735.68,67770.34
2021-07-03,47493.24,48178.45,47158.57,47631.18,10613.28
2021-07-04,50683.52,51672.65,49100.55,50183.44,33594.74
2021-07-05,49815.07,50177.28,49285.84,49629.89,143101.07
2021-07-06,46809.0,48833.62,45690.57,47450.24,33071.67
2021-07-07,46512.96,47384.55,46330.3,46838.72,44265.0
2021-07-08,46897.5,48094.32,46729.58,47338.32,148416.94
2021-07-09,45792.43,47054.99,45117.17,45836.86,36191.21
2021-07-10,44730.27,44978.63,43991.81,44393.29,49194.38
2021-07-11,44861.6,46844.36,43625.72,44998.13,65260.48
2021-07-12,44897.9,46250.46,44249.13,44989.0,13340.83
2021-07-13,44856.75,45695.53,44856.75,45108.28,27313.28
2021-07-14,44260.42,44875.01,43494.29,43992.47,44185.97
2021-07-15,44135.63,44539.45,42980.73,43704.65,11077.28
2021-07-16,42366.03,43018.86,41982.37,42377.03,117191.17
2021-07-17,44337.21,45066.09,43110.15,43783.78,72785.73
2021-07-18,45269.56,46033.59,44414.94,45467.47,65717.89
2021-07-19,42209.35,44334.36,41289.63,42686.41,112973.18
2021-07-20,41648.36,42772.55,39785.77,41382.07,69146.67
2021-07-21,39299.11,40589.53,37618.32,39329.27,31565.51
2021-07-22,38323.28,39914.1,37242.04,38502.31,10189.16
2021-07-23,38471.25,38780.76,37924.92,38447.66,21792.41
2021-07-24,36136.53,36953.28,36123.37,36600.44,21859.91
2021-07-25,34995.44,36203.46,34995.44,35491.57,59693.33
2021-07-26,34342.96,34898.71,32962.84,34317.54,38312.06
2021-07-27,34739.59,35560.14,33481.63,34619.29,10299.18
2021-07-28,35143.06,35310.48,33741.85,34755.51,72101.66
2021-07-29,34180.16,34228.47,33541.64,33939.43,103572.42
2021-07-30,34375.22,35647.49,33406.89,34201.38,116765.85
2021-07-31,33945.1,34419.73,33076.59,33603.57,14425.98
2021-08-01,33466.2,33638.06,33183.96,33335.55,45932.82
2021-08-02,35301.93,36155.64,34813.32,35399.41,16249.6
2021-08-03,37362.46,37362.46,36955.15,37155.48,174839.8
2021-08-04,35805.67,36686.66,34700.1,35556.61,37314.22
2021-08-05,36656.99,37414.64,35890.39,36659.28,27410.91
2021-08-06,37409.35,38591.81,36790.08,37771.9,23947.35
2021-08-07,35819.51,37398.36,35572.08,36338.44,47980.3
2021-08-08,37703.39,39161.36,35663.25,37451.0,56161.7
2021-08-09,39733.04,40822.31,38461.95,39581.47,10177.89
2021-08-10,38302.4,38743.18,37461.59,38113.63,114482.25
2021-08-11,37224.71,38335.86,35454.75,36964.55,53901.93
2021-08-12,38086.48,39049.83,36797.52,38362.39,114054.03
2021-08-13,38321.97,39116.61,38321.97,38786.8,148226.4
2021-08-14,39765.51,40390.2,38996.73,39602.08,35140.39
2021-08-15,40521.74,40526.18,39572.22,40137.14,75950.49
2021-08-16,40865.55,40908.84,40339.52,40750.84,24298.08
2021-08-17,38497.29,39603.56,37941.3,38960.57,25993.95
2021-08-18,40553.81,41965.91,38948.63,40475.88,135102.55
2021-08-19,41850.47,42829.21,41730.27,42230.46,21653.45
2021-08-20,41437.95,43852.06,40245.09,41955.65,45639.62
2021-08-21,41952.17,43076.89,40914.53,41954.74,18866.47
2021-08-22,39877.08,41288.99,38393.46,39825.31,22573.33
2021-08-23,40577.44,41424.13,40256.2,40609.48,25673.03
2021-08-24,41638.39,42409.59,39857.38,41492.95,123532.75
2021-08-25,41202.63,42253.52,40666.97,41464.88,58528.38
2021-08-26,43223.51,44417.37,42664.69,43193.9,77466.98
2021-08-27,42589.86,42945.12,42378.07,42755.87,9266.54
2021-08-28,43586.71,44109.62,43382.36,43674.65,40812.78
2021-08-29,42297.35,43736.99,41479.41,42206.72,28795.14
2021-08-30,42593.28,42670.82,41484.06,42235.25,57994.95
2021-08-31,42139.62,42381.48,41641.79,42041.31,267658.02
2021-09-01,42649.61,42710.7,41982.68,42437.76,5790.07
2021-09-02,41958.75,42869.34,40986.99,41955.32,53686.25
2021-09-03,41988.55,42079.18,41513.99,41825.39,227256.07
2021-09-04,43473.5,44460.13,41458.99,43116.91,26252.09
2021-09-05,42800.04,42800.04,42132.15,42526.55,44228.85
2021-09-06,40651.59,40929.09,40014.45,40261.61,65833.39
2021-09-07,42849.46,43522.96,41789.46,42868.35,7016.83
2021-09-08,45472.16,45564.6,43961.34,45059.54,49811.22
2021-09-09,43321.03,43706.25,42747.96,43131.58,20915.16
2021-09-10,44036.8,44964.54,43340.09,44251.76,205481.59
2021-09-11,43740.89,44925.76,42480.1,43544.83,33584.2
2021-09-12,43616.81,44874.16,42814.96,44014.24,22566.34
2021-09-13,44725.05,44725.05,44248.02,44536.58,78832.75
2021-09-14,44858.98,45342.28,43469.69,44239.0,58993.2
2021-09-15,43390.23,45186.49,41174.57,43106.55,80819.43
2021-09-16,42543.77,42666.25,41546.12,42140.36,180161.66
2021-09-17,40748.1,41190.17,40663.96,40871.76,24146.21
2021-09-18,39911.53,41036.62,38104.89,39758.57,150772.78
2021-09-19,39946.62,40895.13,38360.23,39724.74,171082.26
2021-09-20,38705.37,39599.93,37738.08,38800.09,20399.64
2021-09-21,40014.79,40222.46,39504.09,39797.12,22278.88
2021-09-22,42139.22,42441.12,41732.23,41986.5,40516.09
2021-09-23,41433.48,42170.79,39892.04,41204.45,32984.44
2021-09-24,41320.54,42197.34,41320.54,41613.53,152519.11
2021-09-25,42844.25,43712.72,41901.92,42411.28,19632.31
2021-09-26,43338.14,44431.67,42181.41,43182.46,48037.15
2021-09-27,43321.43,43702.06,42947.2,43362.41,21449.47
2021-09-28,44537.63,45849.24,43791.48,44571.15,43691.21
2021-09-29,45383.78,46775.83,44087.27,45397.88,224089.59
2021-09-30,43249.85,44519.87,42770.88,43538.57,170429.51
2021-10-01,45378.39,45400.69,44703.15,44950.76,54435.63
2021-10-02,46796.02,47003.86,46192.18,46438.22,67550.1
2021-10-03,45655.17,46440.76,44618.35,45281.92,58833.86
2021-10-04,45959.87,46142.01,44812.86,45410.15,31677.49
2021-10-05,46649.83,47851.1,44424.0,46579.11,189367.24
2021-10-06,45834.1,46993.38,45834.1,46308.53,117144.47
2021-10-07,48395.11,49410.75,47153.24,48152.86,50069.21
2021-10-08,52632.71,53149.13,51912.56,52384.78,36337.58
2021-10-09,51674.3,52626.02,50308.12,51039.84,37791.83
2021-10-10,48994.85,48994.85,48340.22,48704.43,54723.31
2021-10-11,49351.83,50500.93,48325.85,49298.99,40812.14
2021-10-12,50577.31,51380.2,49741.92,50635.77,105787.09
2021-10-13,50707.56,51604.24,48489.76,50303.67,62170.28
2021-10-14,52666.64,53450.15,52666.64,53007.96,20270.17
2021-10-15,50755.51,52589.95,49611.13,50657.68,16991.92
2021-10-16,52372.41,53122.03,49916.07,51979.17,95122.42
2021-10-17,50915.6,51368.44,50307.8,50964.94,16909.57
2021-10-18,54041.6,55709.35,52218.76,54207.33,33260.1
2021-10-19,58347.13,58641.66,57800.82,58209.83,32063.66
2021-10-20,57366.41,59488.65,54292.85,56753.72,16703.49
2021-10-21,55957.28,57491.89,54045.73,55756.09,57143.59
2021-10-22,57233.61,58439.16,56310.64,57545.29,41036.19
2021-10-23,57409.6,58059.19,55862.78,56856.05,27033.59
2021-10-24,57277.76,57277.76,56391.38,56850.97,238754.75
2021-10-25,56618.87,59520.61,55430.06,56986.93,6447.95
2021-10-26,53633.84,53633.84,52813.8,53363.84,21862.24
2021-10-27,53417.79,54611.45,52105.69,53418.07,27510.21
2021-10-28,52618.48,53364.36,51590.29,52222.24,14557.48
2021-10-29,51704.88,52323.8,49753.12,51405.71,260720.27
2021-10-30,53848.62,55036.72,53696.67,54151.0,265234.23
2021-10-31,51711.48,53421.25,50756.23,51898.95,24883.46
2021-11-01,53506.46,54461.8,52315.69,53477.49,120481.41
2021-11-02,52243.92,54399.17,51833.89,53037.39,70081.1
2021-11-03,52944.91,53170.92,52357.68,52599.44,162915.01
2021-11-04,53334.66,54972.13,53232.46,54155.99,40326.55
2021-11-05,54893.1,55424.67,54017.44,54886.66,62474.99
2021-11-06,55776.55,57378.37,53964.76,56077.9,137325.43
2021-11-07,58366.85,58897.39,57509.88,58097.83,123730.33
2021-11-08,56500.06,58933.18,55831.52,57514.23,51138.47
2021-11-09,55687.35,56844.53,55687.35,56379.42,21093.84
2021-11-10,54100.23,55761.97,53145.97,54359.74,23902.01
2021-11-11,53110.61,55428.32,51759.4,52891.07,9891.84
2021-11-12,58834.24,60234.25,57660.36,58730.13,85956.85
2021-11-13,61953.48,62949.95,60788.26,61437.27,55556.56
2021-11-14,58738.29,59655.9,57542.63,58687.63,57689.01
2021-11-15,56109.27,56723.6,55886.29,56117.23,43839.69
2021-11-16,56667.38,57732.71,56401.3,57157.37,18089.95
2021-11-17,58245.92,60251.49,56926.48,58350.19,58601.61
2021-11-18,59561.97,60253.32,58521.59,59571.27,74861.31
2021-11-19,58158.7,61506.67,56956.45,59130.69,22943.27
2021-11-20,58540.1,59982.29,58274.47,58959.99,44852.6
2021-11-21,59951.44,61086.3,57673.57,59730.03,27498.98
2021-11-22,60085.95,61690.24,58966.92,59999.8,38968.53
2021-11-23,55486.49,57208.65,54301.9,55599.03,17951.16
2021-11-24,54968.01,55641.29,54294.13,55236.43,35806.0
2021-11-25,52946.51,54865.75,52229.71,53695.19,160843.25
2021-11-26,53164.96,55051.49,52652.16,54106.58,29393.92
2021-11-27,60008.33,61654.13,58342.51,60155.92,26891.68
2021-11-28,61753.02,63807.76,59170.91,61026.11,28491.96
2021-11-29,60468.55,61228.1,59487.69,60450.7,39922.81
2021-11-30,63037.47,63182.16,61950.14,62526.55,198518.82
2021-12-01,63087.79,64591.47,61854.69,63687.31,147151.25
2021-12-02,64874.28,66408.51,63854.83,64727.66,42988.57
2021-12-03,65843.65,67074.29,65568.79,66216.42,29190.11
2021-12-04,70841.96,72809.73,68644.74,71265.15,12432.24
2021-12-05,69010.97,70613.61,66330.33,68602.32,24013.43
2021-12-06,69786.42,73058.71,67855.47,69853.73,10362.08
2021-12-07,66991.39,68744.75,66991.39,67726.68,89355.14
2021-12-08,69214.27,71009.88,66699.4,69160.03,145566.68
2021-12-09,66687.88,68953.95,64342.53,67072.16,36414.54
2021-12-10,65433.82,66928.08,64909.31,66198.73,66357.37
2021-12-11,65094.39,66650.17,64583.97,65616.89,20326.27
2021-12-12,69111.51,70109.35,66579.32,67998.57,10494.37
2021-12-13,71007.46,71166.19,69547.14,70325.37,52778.97
2021-12-14,66339.46,68983.68,66198.45,67426.12,67002.87
2021-12-15,67555.34,69371.15,66187.48,67657.29,193086.03
2021-12-16,66035.7,68327.09,65007.23,66096.77,254077.73
2021-12-17,63208.68,64225.9,62459.71,63343.49,38135.0
2021-12-18,62624.17,65953.65,60377.86,62958.55,98534.35
2021-12-19,62748.74,64100.97,61134.18,62375.94,60813.43
2021-12-20,68520.16,69877.71,66572.27,68007.28,49632.02
2021-12-21,69729.63,70066.97,68223.3,69149.33,48527.02
2021-12-22,66167.48,67811.59,64601.29,65993.2,43391.97
2021-12-23,65114.16,65129.82,64011.99,64798.64,44466.06
2021-12-24,67072.45,67946.0,66722.05,67257.81,185298.97
2021-12-25,71552.89,74689.1,70421.8,72466.8,60962.2
2021-12-26,67776.41,70265.27,67081.16,68656.73,200657.27
2021-12-27,63942.55,66032.47,62602.09,64381.21,23432.2
2021-12-28,68730.96,69541.06,68032.19,68841.42,5172.84
2021-12-29,69173.92,71862.9,67987.27,69891.36,34735.88
2021-12-30,67287.32,68352.02,67076.56,67901.07,25358.45
2021-12-31,69077.71,72167.67,67467.72,69287.45,15155.4
2022-01-01,60969.0,61633.58,59307.94,60550.42,131697.55
2022-01-02,60540.73,62211.91,58356.53,60379.23,15948.82
2022-01-03,60770.48,62261.58,60083.12,61193.21,74573.92
2022-01-04,63919.27,64264.74,63512.62,63895.56,239851.15
2022-01-05,59911.53,62064.9,59377.65,60555.18,18543.1
2022-01-06,60214.14,61625.09,59586.67,60633.0,38704.5
2022-01-07,56952.76,58396.53,56906.67,57717.95,133916.13
2022-01-08,58484.52,59421.64,56799.04,58284.57,32712.82
2022-01-09,55440.2,56066.05,55098.93,55565.92,58066.27
2022-01-10,54212.01,55641.16,52532.28,54280.5,73358.24
2022-01-11,51821.29,52613.5,50825.64,51489.31,49243.99
2022-01-12,52610.78,54130.38,52512.26,53033.88,30378.55
2022-01-13,55400.06,55508.95,54882.37,55193.96,23749.99
2022-01-14,54913.03,54913.03,53938.62,54386.86,18339.8
2022-01-15,53900.86,56302.43,52426.26,54327.71,70920.88
2022-01-16,49750.57,52061.62,49036.07,50380.53,25055.18
2022-01-17,49012.98,50418.72,49012.98,49482.6,109460.85
2022-01-18,49363.67,49765.71,48988.14,49210.69,149530.42
2022-01-19,56714.17,57840.63,54929.36,55932.77,17699.79
2022-01-20,53469.03,53639.64,50934.99,52749.38,78279.88
2022-01-21,56968.44,57124.53,55592.02,56585.96,233245.56
2022-01-22,59716.82,60185.8,57928.7,59299.68,23214.67
2022-01-23,60180.31,60438.48,58946.28,59957.49,120944.48
2022-01-24,65650.87,67333.34,63549.78,65272.24,75927.13
2022-01-25,66459.93,69002.41,63489.14,66298.82,105336.07
2022-01-26,66967.76,67812.23,66872.71,67398.99,26915.86
2022-01-27,67937.51,69160.95,65114.26,67018.85,225622.24
2022-01-28,71792.44,72029.49,70006.18,71033.56,29710.4
2022-01-29,74346.79,76164.85,72878.46,74811.82,87305.74
2022-01-30,72665.48,73440.76,71715.53,72290.45,48745.47
2022-01-31,68261.9,69401.75,64831.29,67473.14,75775.12
2022-02-01,66814.79,67880.34,65770.45,66591.74,22297.08
2022-02-02,63684.07,64593.55,61823.95,63788.87,17919.15
2022-02-03,64121.22,64261.49,62624.07,63396.11,59982.82
2022-02-04,67377.76,68214.58,66351.31,67240.41,36698.45
2022-02-05,65194.4,66318.88,64968.54,65523.53,35208.73
2022-02-06,64587.71,66820.56,63638.86,65187.52,74841.78
2022-02-07,64293.58,65896.68,64293.58,65181.08,14639.54
2022-02-08,68872.19,69979.25,65181.25,67801.94,129884.69
2022-02-09,60011.07,61959.36,59836.36,60415.54,51132.71
2022-02-10,58885.41,59262.81,56903.16,58434.78,84072.66
2022-02-11,58444.94,59989.72,57567.53,58878.47,69910.78
2022-02-12,62415.54,63708.08,60944.44,62332.28,75291.16
2022-02-13,60853.89,61242.56,60152.38,60635.73,17849.29
2022-02-14,54494.2,55553.62,54222.0,55039.81,112463.63
2022-02-15,57035.24,58255.89,54594.23,56601.88,55889.58
2022-02-16,54581.06,55642.88,53368.75,54667.76,30189.08
2022-02-17,51583.52,52113.24,50581.38,51356.46,38722.65
2022-02-18,50206.4,50640.32,49117.66,49628.91,56255.38
2022-02-19,49315.91,49822.2,48644.72,49025.83,48354.73
2022-02-20,47387.15,47985.06,46756.57,47423.13,66457.55
2022-02-21,42565.06,42565.06,41999.39,42344.21,146985.81
2022-02-22,44138.29,45216.0,42581.29,44154.07,17406.47
2022-02-23,46954.24,47713.74,46547.39,46919.29,74741.15
2022-02-24,48264.44,48743.63,47741.69,48327.7,38159.38
2022-02-25,45072.28,46124.95,44958.56,45518.58,100879.98
2022-02-26,44487.95,45230.56,44487.95,44927.32,147596.4
2022-02-27,44579.61,46213.68,43233.2,44778.14,46962.94
2022-02-28,45627.78,46370.81,45516.39,46000.84,66776.74
2022-03-01,47316.21,47826.23,47143.89,47421.55,109028.15
2022-03-02,45876.62,46569.97,43969.58,45575.4,89932.13
2022-03-03,45476.23,46624.39,44907.73,45625.55,110651.07
2022-03-04,46622.81,47876.79,44964.07,46540.91,32188.33
2022-03-05,49703.11,51286.12,49179.29,49905.09,27919.82
2022-03-06,52524.53,52524.53,50714.02,51539.49,17278.2
2022-03-07,54097.87,55365.41,52448.28,53452.91,37337.78
2022-03-08,53410.62,53937.33,53040.14,53516.63,40834.81
2022-03-09,57379.7,59092.22,56601.25,57255.02,40287.05
2022-03-10,57640.33,58849.67,57539.41,58265.11,67605.99
2022-03-11,55547.16,56327.42,55180.18,55642.6,67422.39
2022-03-12,59222.59,61511.87,58446.62,59508.41,43752.21
2022-03-13,61802.16,62966.62,60252.24,61437.03,61873.08
2022-03-14,59465.14,61576.89,57342.67,59911.03,89640.51
2022-03-15,59089.94,59450.8,57568.92,58316.55,24079.02
2022-03-16,58979.57,60201.21,57813.9,59010.46,96842.09
2022-03-17,59793.34,60932.85,59720.02,60212.14,28444.34
2022-03-18,60642.49,61646.76,59425.43,60626.89,147218.35
2022-03-19,61755.37,63139.13,59600.09,61393.5,53532.44
2022-03-20,66917.23,67971.45,65817.0,66639.79,51566.38
2022-03-21,70184.73,71746.97,67486.68,70096.93,12036.93
2022-03-22,71051.67,72279.67,69921.15,70556.29,85604.16
2022-03-23,74216.54,74704.66,71918.7,73734.91,55956.79
2022-03-24,70273.9,70609.38,68564.81,69815.09,57788.7
2022-03-25,70848.14,72307.47,69805.21,71004.73,47112.6
2022-03-26,77319.66,79598.2,75828.45,77494.88,88023.44
2022-03-27,76298.2,77570.67,75348.18,76424.97,102481.42
2022-03-28,72745.53,73781.77,71989.17,73034.2,75964.88
2022-03-29,70539.19,72201.47,67961.64,70479.6,144960.77
2022-03-30,66539.57,66914.5,66081.05,66542.56,27531.94
2022-03-31,64635.08,66053.27,61979.54,63790.46,29769.82
2022-04-01,62179.88,64189.81,61605.47,62432.02,65469.3
2022-04-02,57562.71,59334.18,57244.98,58020.7,77259.18
2022-04-03,58191.16,58815.32,57165.43,57892.09,68714.15
2022-04-04,60416.77,61553.32,58327.75,60382.22,16585.03
2022-04-05,57296.75,58068.27,57296.75,57530.02,17311.32
2022-04-06,62271.79,62895.65,59705.47,61884.58,40596.99
2022-04-07,63154.0,64989.66,62260.33,63295.27,11383.44
2022-04-08,67199.99,67199.99,65656.97,66442.68,60260.5
2022-04-09,63612.99,65041.61,63359.06,64100.23,45174.04
2022-04-10,66388.03,67775.71,65473.44,66697.95,23582.36
2022-04-11,63029.21,64201.77,61780.93,62964.91,30550.27
2022-04-12,66346.67,67068.51,64334.79,65633.74,53038.95
2022-04-13,65625.05,67894.11,64277.19,66001.79,14753.59
2022-04-14,67853.57,68680.49,66637.33,67649.8,30483.19
2022-04-15,63004.7,65932.06,61250.15,63596.9,38683.93
2022-04-16,61075.95,62420.54,58931.04,60631.3,36629.35
2022-04-17,61957.23,63302.92,61290.54,62282.01,38018.97
2022-04-18,59500.71,59500.71,58688.91,59219.76,136400.0
2022-04-19,60749.84,61463.11,59821.93,60425.76,99260.38
2022-04-20,55642.22,56836.75,55642.22,56264.21,26775.64
2022-04-21,58623.79,60098.85,57092.99,58525.78,19934.83
2022-04-22,54641.16,56110.19,52477.09,54863.11,31771.95
2022-04-23,56454.57,56668.33,55581.05,56230.32,119512.75
2022-04-24,57573.72,58173.3,57573.72,57843.3,8283.92
2022-04-25,55436.42,57535.51,54082.51,55695.49,47642.25
2022-04-26,57604.55,57604.55,56401.52,57168.35,35293.26
2022-04-27,58262.06,58531.44,56770.36,57744.18,118389.06
2022-04-28,55595.14,56729.16,54460.37,56040.83,97993.33
2022-04-29,53888.73,55519.25,51077.03,53125.27,13446.61
2022-04-30,47358.23,48316.15,47358.23,48015.38,107973.86
2022-05-01,48799.45,49298.28,48470.75,48715.83,6451.86
2022-05-02,44453.12,45493.79,44183.79,44914.64,65605.34
2022-05-03,45127.76,45935.16,42940.39,44994.08,70546.72
2022-05-04,44179.61,45096.34,43316.12,44272.27,153773.84
2022-05-05,45292.49,46360.77,44657.68,45664.25,48580.78
2022-05-06,44580.51,46420.43,44240.37,44845.06,23608.1
2022-05-07,43703.5,46135.27,42344.12,43980.27,17773.28
2022-05-08,45510.61,47293.3,43970.25,45482.82,130024.18
2022-05-09,46472.24,47935.32,45226.76,46112.66,158144.72
2022-05-10,47004.88,47004.88,46390.98,46707.06,28586.51
2022-05-11,47607.51,48055.78,47176.24,47672.69,42054.6
2022-05-12,44122.41,45564.0,43278.25,44017.18,118558.48
2022-05-13,46010.26,47116.82,44498.59,45577.74,74869.17
2022-05-14,46686.03,47590.32,46076.51,46854.31,35295.2
2022-05-15,44120.5,44826.81,43832.17,44398.64,21778.02
2022-05-16,44410.32,44436.56,41970.38,43728.71,20262.92
2022-05-17,43449.54,43995.78,43230.19,43512.12,84970.37
2022-05-18,43165.94,43689.98,42526.71,43091.02,29420.99
2022-05-19,43124.6,44557.02,42311.62,43685.12,28676.79
2022-05-20,46589.57,47441.57,45279.66,46785.62,66820.81
2022-05-21,49981.28,51071.78,48512.31,49237.93,44741.89
2022-05-22,46143.17,46376.72,45000.55,45972.96,55477.81
2022-05-23,47272.43,48821.1,46579.69,47283.28,31758.78
2022-05-24,50942.19,51140.5,49754.32,50380.46,31655.11
2022-05-25,50536.49,52803.03,50321.82,51210.46,23753.35
2022-05-26,53740.63,55591.48,52873.57,53919.54,77305.78
2022-05-27,59992.9,59992.9,58367.21,59448.26,49323.44
2022-05-28,62358.01,62950.72,61738.0,62382.94,59759.18
2022-05-29,62947.57,63466.42,62082.53,62976.23,21011.6
2022-05-30,66727.26,66727.26,65134.86,66155.75,85127.37
2022-05-31,67100.79,68333.97,65155.64,66437.13,62776.26
2022-06-01,65626.81,68187.61,63835.58,66317.33,87633.62
2022-06-02,65189.5,66545.49,62333.08,64967.07,63674.78
2022-06-03,71022.72,71431.05,67524.09,70038.93,63312.82
2022-06-04,66684.46,68007.69,65631.43,67029.3,11457.92
2022-06-05,71935.1,73945.2,70267.57,72150.07,127267.97
2022-06-06,73771.46,74888.26,72948.36,73754.46,18035.11
2022-06-07,68945.44,69734.66,67593.46,68564.58,114093.74
2022-06-08,68890.38,70416.59,68890.38,69627.43,47357.17
2022-06-09,60943.17,63455.77,60342.64,62499.42,13084.39
2022-06-10,64402.67,65845.39,62661.08,64291.84,44839.98
2022-06-11,67625.02,68004.85,66259.88,67000.11,14796.23
2022-06-12,64688.12,65278.43,64283.39,64849.97,117106.29
2022-06-13,64738.67,66020.58,63627.38,65056.35,32003.16
2022-06-14,71423.37,72270.37,70450.28,71518.9,22156.84
2022-06-15,70412.71,71881.38,67897.22,69524.16,85098.51
2022-06-16,65391.89,68057.72,64255.54,65741.41,47005.33
2022-06-17,70906.64,72121.22,68300.48,70584.61,76690.88
2022-06-18,76912.63,78494.85,76169.53,77629.03,48781.22
2022-06-19,76726.05,80257.51,75510.38,77410.8,134576.35
2022-06-20,81731.3,83208.38,79574.26,81182.48,39797.44
2022-06-21,87686.11,88904.77,84832.07,86554.41,16169.83
2022-06-22,83741.6,85206.86,82082.43,83150.23,23195.88
2022-06-23,80397.39,81790.0,80397.39,80913.75,77569.96
2022-06-24,85503.92,88085.0,84524.1,85792.15,33521.92
2022-06-25,93231.69,94827.02,90853.24,93053.83,166606.17
2022-06-26,95468.72,97575.95,91702.45,95423.25,23767.46
2022-06-27,89644.78,94183.31,89332.92,91042.96,132923.4
2022-06-28,99211.38,102640.97,98670.79,100251.75,44262.26
2022-06-29,96708.5,98688.38,96189.59,97332.8,174783.71
2022-06-30,95377.06,97667.58,93306.6,95428.68,90867.45
2022-07-01,95287.89,99676.3,93833.94,96785.39,71372.51
2022-07-02,104793.77,109198.31,100136.12,104292.98,109276.45
2022-07-03,108435.84,111221.16,105502.43,108516.56,175904.98
2022-07-04,109791.6,111556.87,109791.6,110459.19,64060.54
2022-07-05,112883.69,115929.25,109176.29,112709.14,15065.77
2022-07-06,112151.19,113754.63,112151.19,112616.28,176532.38
2022-07-07,115408.32,117322.95,114243.0,115456.43,55330.83
2022-07-08,99973.46,104245.39,99908.04,101434.7,488876.19
2022-07-09,98323.02,100648.3,98315.68,99642.11,38492.74
2022-07-10,100184.35,102627.12,97655.48,100549.58,46240.62
2022-07-11,94339.86,95055.61,94339.86,94641.9,109419.57
2022-07-12,96494.5,97183.2,94950.41,96198.76,112088.47
2022-07-13,94920.87,97726.94,92880.98,94935.04,84749.24
2022-07-14,105070.36,106466.48,100468.64,103334.02,40786.88
2022-07-15,111218.21,115892.56,108788.37,111454.63,26531.56
2022-07-16,105697.1,110869.8,105460.84,108562.64,38368.44
2022-07-17,105675.9,110181.55,103268.51,107424.2,19464.04
2022-07-18,105686.06,107742.92,105616.1,106707.14,339750.51
2022-07-19,104839.39,104839.39,103519.52,104011.88,28244.24
2022-07-20,104685.7,106214.97,103969.17,104716.47,50895.87
2022-07-21,101409.97,102527.37,98860.44,100518.55,109098.89
2022-07-22,95472.37,95979.74,92524.34,94709.23,60598.01
2022-07-23,96424.48,98620.35,95033.37,97411.77,38281.76
2022-07-24,98787.85,103450.75,96271.94,100225.59,55563.76
2022-07-25,96479.75,98298.17,94526.84,95986.52,37402.62
2022-07-26,99222.02,101140.72,99222.02,100080.57,51003.75
2022-07-27,97435.19,97536.2,95386.39,96679.04,83566.49
2022-07-28,97525.9,101465.9,94505.18,97617.32,26844.08
2022-07-29,101899.64,104742.39,98771.8,101399.9,149652.98
2022-07-30,101171.4,103653.79,98632.69,100926.39,66624.54
2022-07-31,103232.02,103963.44,101969.06,102938.17,39924.84
2022-08-01,100097.29,102325.2,96795.31,100013.69,48546.62
2022-08-02,98961.81,99894.58,97168.19,98739.37,157702.03
2022-08-03,97471.43,98290.54,96653.28,97435.51,118264.75
2022-08-04,92553.69,96681.08,91452.85,93584.22,72565.59
2022-08-05,92191.44,94270.8,91697.32,92482.84,36769.52
2022-08-06,86816.91,87758.39,82206.45,85335.64,89101.08
2022-08-07,83224.71,83665.16,82044.66,83016.09,56247.98
2022-08-08,82342.62,83661.69,79003.56,81596.86,222427.03
2022-08-09,79685.33,82993.14,78832.25,80317.03,52909.11
2022-08-10,78482.07,80224.84,77847.98,79115.35,207827.48
2022-08-11,77878.07,79907.23,76501.22,78635.14,62923.32
2022-08-12,79446.15,81158.34,79030.15,80301.7,23784.2
2022-08-13,82553.98,84824.93,82402.76,83639.56,780817.94
2022-08-14,80873.99,81501.26,79761.46,80723.39,17185.32
2022-08-15,75566.85,76638.83,74935.07,75782.57,10837.41
2022-08-16,72222.06,72609.01,70211.64,71719.74,9707.5
2022-08-17,69610.8,70914.7,68642.88,69784.08,449875.67
2022-08-18,67047.19,70340.48,64988.16,68361.5,271754.8
2022-08-19,65815.32,67060.5,63868.09,65582.58,54490.58
2022-08-20,60868.92,62126.51,60868.92,61283.11,66264.4
2022-08-21,59824.3,61120.68,59085.58,59721.86,56457.8
2022-08-22,59714.78,60798.78,59477.91,60085.56,11239.25
2022-08-23,61829.42,64235.85,60230.36,61714.63,150976.35
2022-08-24,59147.46,62004.32,57042.35,59838.53,133762.48
2022-08-25,58803.84,59929.18,56882.14,58439.96,17057.49
2022-08-26,55643.53,57158.49,54410.65,55626.8,57787.54
2022-08-27,55220.58,56136.67,53948.57,55373.05,41895.87
2022-08-28,52196.78,53579.79,52110.43,52914.19,36684.19
2022-08-29,55025.87,55025.87,52891.42,54289.35,25552.19
2022-08-30,49143.96,50536.41,48863.61,49503.07,38440.99
2022-08-31,48577.21,49332.24,47290.43,48475.24,27318.63
2022-09-01,48690.73,50871.37,47658.47,49063.17,98114.47
2022-09-02,50771.13,50771.13,48345.73,49367.89,41081.94
2022-09-03,56381.81,58108.64,54568.25,56314.5,25749.6
2022-09-04,56855.47,59283.34,56293.4,57136.43,44242.18
2022-09-05,54438.61,55303.96,52504.02,54176.07,39248.75
2022-09-06,54079.14,55046.54,52404.82,53756.58,37802.72
2022-09-07,49195.67,50146.93,48288.0,49040.86,71966.25
2022-09-08,48571.27,51100.75,46182.07,48697.31,33444.52
2022-09-09,46734.79,48128.79,45775.9,46570.67,25880.83
2022-09-10,48545.28,48888.81,48360.61,48605.68,14044.34
2022-09-11,47137.13,47925.05,46172.39,47146.67,40820.16
2022-09-12,46438.18,47567.37,45853.62,46731.81,110857.17
2022-09-13,44683.57,45462.13,44683.57,45134.51,36488.55
2022-09-14,49307.97,49411.27,48832.41,49086.78,28037.16
2022-09-15,48393.54,49410.56,47659.2,48159.95,22650.65
2022-09-16,53168.98,53797.11,51767.86,52623.12,10907.93
2022-09-17,54666.5,55602.35,53916.28,54645.3,113117.96
2022-09-18,55714.43,56211.81,54836.3,55810.75,65736.73
2022-09-19,56039.71,57523.47,55971.24,56678.96,83216.43
2022-09-20,57614.64,58669.44,55444.34,57632.87,55431.28
2022-09-21,52330.89,53435.46,50745.37,52180.53,22649.31
2022-09-22,50884.54,51627.14,50884.54,51303.82,33204.46
2022-09-23,53814.28,54106.1,52276.58,53357.96,29223.3
2022-09-24,52765.93,54941.41,51628.95,53068.22,31162.6
2022-09-25,49242.09,49561.41,48848.62,49319.46,30223.86
2022-09-26,49277.58,49515.25,48361.99,49043.05,101328.58
2022-09-27,53241.88,53597.29,52776.3,53244.99,219581.09
2022-09-28,57134.76,58911.41,54842.88,56500.44,22338.54
2022-09-29,56439.32,58353.97,54333.05,56156.82,39082.03
2022-09-30,58646.81,59955.28,57376.52,58716.49,54452.92
2022-10-01,56399.06,58395.9,56399.06,57477.6,20667.03
2022-10-02,53044.95,54172.61,51092.97,52625.55,45187.95
2022-10-03,49625.12,50948.85,49351.19,50097.87,56036.26
2022-10-04,54375.55,55607.02,53216.1,54007.5,41223.0
2022-10-05,53315.18,53315.18,52922.97,53113.08,71861.94
2022-10-06,52230.28,53130.06,50884.62,52313.47,43203.63
2022-10-07,51772.52,53168.92,50081.14,51380.67,4324.18
2022-10-08,56578.47,57186.93,54861.1,56343.61,20786.74
2022-10-09,61092.57,62316.06,60040.6,60932.51,146823.45
2022-10-10,66945.58,68420.65,66919.0,67877.59,75037.28
2022-10-11,67159.63,68352.78,65598.43,67138.23,5026.69
2022-10-12,67258.44,70660.57,65840.36,67933.88,14792.07
2022-10-13,62233.69,64666.35,61057.15,62784.15,84494.21
2022-10-14,67198.85,68712.6,65788.54,67393.56,31089.52
2022-10-15,64122.79,64639.56,60732.59,63380.77,5487.7
2022-10-16,64066.27,65498.9,61912.7,63879.55,111724.97
2022-10-17,60496.06,62689.35,57506.46,60288.06,82830.83
2022-10-18,58723.22,59401.42,57153.99,58363.5,23507.9
2022-10-19,55412.52,57399.51,54557.86,55803.0,120765.03
2022-10-20,53289.66,55360.02,52405.92,53970.3,23287.9
2022-10-21,51642.58,53703.82,50593.26,52377.53,26257.13
2022-10-22,50902.46,52686.15,48339.68,50808.53,28873.02
2022-10-23,53228.48,53278.3,52284.42,52811.61,9525.18
2022-10-24,50075.67,50075.67,49256.14,49823.55,58687.55
2022-10-25,49891.19,51772.39,48770.76,50225.1,64199.11
2022-10-26,53795.97,54201.71,51665.53,53218.86,30183.18
2022-10-27,52560.52,52854.27,50201.11,51715.27,75568.91
2022-10-28,49984.17,51026.64,48529.11,49742.37,11803.33
2022-10-29,49449.38,49449.38,48668.35,49025.03,72474.7
2022-10-30,52210.21,54016.88,49912.17,51848.04,55790.9
2022-10-31,52100.95,53374.1,50119.74,52196.87,24829.15
2022-11-01,50407.05,51388.84,50117.49,50676.48,59234.31
2022-11-02,51094.0,52773.67,50877.19,51761.97,21225.69
2022-11-03,48665.8,50430.2,47482.97,48839.58,101156.42
2022-11-04,50285.29,50811.75,49767.57,50380.74,64652.87
2022-11-05,51178.53,52186.65,49639.05,51266.6,57209.55
2022-11-06,50287.07,50952.02,49830.19,50332.4,29283.73
2022-11-07,47238.05,49003.37,47111.52,48121.05,77149.36
2022-11-08,46182.39,48241.52,44091.59,45896.35,106339.45
2022-11-09,47335.55,47999.85,46285.74,46999.01,148429.72
2022-11-10,49975.82,51099.54,48814.29,49827.92,27272.36
2022-11-11,47670.43,49631.05,46282.69,48120.59,79871.82
2022-11-12,49232.85,49762.39,48006.96,49088.73,127911.82
2022-11-13,44099.96,44750.77,43733.62,44091.99,32821.57
2022-11-14,42855.58,44748.19,40404.58,42693.52,120973.26
2022-11-15,43026.96,44176.57,41046.43,42499.58,44536.97
2022-11-16,40430.37,41165.77,39808.66,40488.18,17002.12
2022-11-17,38576.22,39059.03,38191.46,38520.28,21313.49
2022-11-18,36957.38,37375.65,36957.38,37143.76,11677.49
2022-11-19,37718.69,37718.69,37228.94,37577.5,36089.25
2022-11-20,37324.32,38037.91,36677.61,37115.66,32587.89
2022-11-21,33143.89,34380.3,32386.48,33086.57,41173.53
2022-11-22,29418.73,30247.28,28843.51,29668.69,101150.83
2022-11-23,28538.89,29806.81,27722.62,28695.75,33197.33
2022-11-24,29009.12,29503.22,29009.12,29272.06,27352.85
2022-11-25,25296.9,25817.09,24899.38,25438.36,27551.1
2022-11-26,24876.68,24944.22,24557.71,24736.3,7272.78
2022-11-27,24097.8,24585.84,23372.19,24021.74,54845.77
2022-11-28,25704.16,25955.51,25518.86,25671.37,28729.52
2022-11-29,25404.58,26137.3,24190.76,25106.46,34320.69
2022-11-30,25577.37,25682.99,25144.48,25515.21,27549.82
2022-12-01,25500.79,26236.89,25042.34,25619.08,35866.89
2022-12-02,22832.7,23206.8,22324.81,22961.28,10965.33
2022-12-03,23744.81,24694.53,22952.86,23788.91,31624.01
2022-12-04,23888.12,24655.91,23672.03,23974.47,19568.56
2022-12-05,24704.8,25025.74,23322.41,24517.88,32851.57
2022-12-06,29846.89,29991.85,29547.53,29746.59,15122.85
2022-12-07,26654.24,27524.96,25810.98,26722.58,48156.08
2022-12-08,28976.6,30185.64,28056.78,29042.02,34360.13
2022-12-09,28702.42,28969.86,28153.59,28541.85,11910.02
2022-12-10,29017.81,29017.81,28731.39,28868.12,71862.58
2022-12-11,28302.79,29470.17,28302.79,28716.22,22295.6
2022-12-12,27990.91,28626.16,27104.95,28029.3,25044.93
2022-12-13,27180.25,27700.52,26811.58,27160.37,62523.89
2022-12-14,27649.56,28340.76,26804.36,27528.84,78271.58
2022-12-15,25464.34,25807.48,25208.67,25441.34,22264.24
2022-12-16,26420.94,26494.79,26212.58,26335.15,35730.29
2022-12-17,25666.77,26568.15,25323.25,25715.52,55962.7
2022-12-18,24073.79,24482.54,23975.0,24230.0,87445.23
2022-12-19,23768.11,24407.41,22831.83,23619.93,33904.93
2022-12-20,25240.61,25598.08,24326.4,25076.93,46922.66
2022-12-21,24468.4,24732.41,24023.89,24341.47,15343.08
2022-12-22,24871.45,25336.78,24240.72,24707.43,9550.67
2022-12-23,23564.75,23938.14,23526.54,23749.38,49313.3
2022-12-24,24492.93,25140.64,24289.07,24592.77,16767.85
2022-12-25,25601.39,25653.65,25100.18,25374.07,15415.22
2022-12-26,27826.92,28873.71,26856.37,27747.85,55550.06
2022-12-27,27435.26,27855.18,26838.14,27422.94,29436.3
2022-12-28,28213.36,29087.93,27774.46,28270.33,40146.77
2022-12-29,28611.48,28786.31,27464.75,28324.19,11995.63
2022-12-30,29761.28,30540.46,29761.28,30129.65,16508.24
2022-12-31,29047.08,30053.14,27810.71,28978.9,124401.14
2023-01-01,29773.25,30318.78,29385.57,29789.12,20131.33
2023-01-02,29334.32,30479.79,29003.32,29631.23,28909.54
2023-01-03,29948.0,29948.0,29167.65,29609.12,41117.46
2023-01-04,29313.6,30827.64,29313.6,29748.94,14472.29
2023-01-05,30086.95,30448.92,29869.46,30057.79,100897.63
2023-01-06,30107.45,30330.72,29653.13,29980.7,34362.17
2023-01-07,30016.22,30799.55,29707.07,30252.2,28361.51
2023-01-08,32089.17,32850.83,31553.01,32018.16,82211.24
2023-01-09,33131.89,33538.25,32565.04,33191.5,73532.04
2023-01-10,34538.95,35791.33,33210.22,34268.08,173137.2
2023-01-11,34726.11,34807.81,33219.05,33776.67,25161.4
2023-01-12,32879.59,33301.01,32439.13,32790.77,204040.79
2023-01-13,34120.66,34589.48,33387.17,33956.57,59972.5
2023-01-14,34792.86,35218.95,34726.09,35066.42,140018.39
2023-01-15,37040.23,37629.9,36202.8,36976.68,81386.68
2023-01-16,36149.38,36853.87,35276.52,36257.57,21957.01
2023-01-17,36245.86,37186.41,35519.43,36021.43,18785.72
2023-01-18,33675.08,34717.75,33089.34,34063.69,8456.09
2023-01-19,33360.43,34109.08,32995.68,33649.41,7135.13
2023-01-20,35225.54,35251.35,34157.67,34896.12,22147.71
2023-01-21,34440.28,34628.33,33966.93,34382.52,99026.24
2023-01-22,35587.7,36458.94,34534.63,35214.75,24351.78
2023-01-23,35135.19,35515.28,34005.76,35033.24,21071.85
2023-01-24,35630.76,36595.87,34690.61,35486.04,63677.88
2023-01-25,34055.49,34791.76,33903.95,34140.02,17990.08
2023-01-26,34240.27,34929.96,33568.57,34293.39,156527.08
2023-01-27,31169.76,31581.01,30216.39,30931.12,28017.1
2023-01-28,30740.31,30902.5,30534.74,30775.58,72593.56
2023-01-29,29387.77,29466.87,28766.5,29112.13,28805.26
2023-01-30,30386.11,31689.39,29724.69,30412.83,35013.06
2023-01-31,31003.25,32550.56,30302.72,31298.62,85465.52
2023-02-01,31537.88,32644.1,30902.16,31861.79,41949.71
2023-02-02,33608.12,34424.56,33224.45,33654.36,117752.48
2023-02-03,32810.26,32810.26,32304.49,32603.86,18820.11
2023-02-04,34527.4,35324.09,33822.8,34712.1,12759.31
2023-02-05,36127.42,36211.96,35616.8,35917.15,9020.05
2023-02-06,35703.23,37118.58,33934.43,35674.48,99503.62
2023-02-07,37357.0,37924.48,36463.75,37176.7,76250.56
2023-02-08,35735.4,36633.54,35314.66,35818.41,29527.06
2023-02-09,34902.8,35834.62,33321.1,34851.77,45881.14
2023-02-10,34351.18,34351.18,33931.68,34168.47,84345.61
2023-02-11,33587.42,34673.1,32659.3,33592.04,30589.47
2023-02-12,32284.97,33365.88,31603.19,32421.1,8596.96
2023-02-13,33611.57,34322.62,33611.57,33889.92,8831.95
2023-02-14,33780.39,34034.92,32781.31,33634.68,14843.95
2023-02-15,33892.81,34726.85,33496.66,34103.34,38876.75
2023-02-16,33340.07,34556.16,32145.75,33479.49,16747.72
2023-02-17,31317.66,31627.5,31317.66,31459.84,79448.8
2023-02-18,31747.74,33256.05,30467.8,31806.28,12597.13
2023-02-19,30264.24,30264.24,29536.21,29791.85,19568.94
2023-02-20,29848.81,30270.48,29448.37,29764.99,7935.25
2023-02-21,28269.27,28762.41,28095.67,28415.7,23478.58
2023-02-22,30396.86,30788.73,30236.61,30508.23,34566.33
2023-02-23,31221.25,31804.63,31221.25,31544.34,82394.03
2023-02-24,31422.04,32461.68,30148.13,31708.84,38367.28
2023-02-25,32850.12,33466.19,32778.33,33192.54,64136.49
2023-02-26,32341.93,32542.51,31908.26,32272.13,78400.11
2023-02-27,33058.98,33367.07,32561.14,32941.26,48387.5
2023-02-28,33242.86,33899.44,32625.22,33222.23,17311.01
2023-03-01,33680.34,34331.59,32624.2,33580.98,49224.88
2023-03-02,34947.39,35871.43,34689.18,35162.93,119196.35
2023-03-03,35925.33,36255.93,35925.33,36130.22,28483.16
2023-03-04,36214.34,37148.49,36170.55,36551.96,57376.36
2023-03-05,34231.35,34765.13,34231.35,34546.76,54964.93
2023-03-06,33551.36,33619.04,33237.38,33455.37,26472.5
2023-03-07,33899.44,34258.12,32597.6,33362.0,75195.27
2023-03-08,33240.6,33797.99,32901.01,33521.45,26161.43
2023-03-09,32181.41,32998.68,31531.4,32269.69,50407.89
2023-03-10,35221.58,35534.81,34632.78,35164.5,29935.56
2023-03-11,37054.0,37855.07,36413.96,37136.89,38367.92
2023-03-12,38085.93,38677.81,36265.15,37984.76,78916.78
2023-03-13,37962.26,38677.86,37448.72,38137.81,7890.15
2023-03-14,37706.08,38272.72,37209.29,37912.43,61212.4
2023-03-15,36671.58,37532.26,35778.1,36725.15,64945.46
2023-03-16,36976.5,37547.34,36138.55,36880.15,23326.53
2023-03-17,37652.62,38144.42,36000.04,37270.23,36186.65
2023-03-18,35846.35,36380.3,35078.21,35738.67,16709.36
2023-03-19,36140.36,37853.89,35570.09,36213.41,19355.41
2023-03-20,36310.97,37817.83,34464.71,36071.22,45484.87
2023-03-21,34062.3,34452.44,33501.26,33791.93,291552.84
2023-03-22,32759.04,33876.42,31938.95,32838.73,60064.5
2023-03-23,32377.51,32650.55,32265.32,32415.36,17827.35
2023-03-24,34562.83,35048.46,34113.71,34681.33,67072.59
2023-03-25,35649.2,36142.53,34987.96,35416.61,57862.33
2023-03-26,33870.09,34313.5,33431.62,33850.0,8973.49
2023-03-27,34094.72,35575.74,33260.58,34482.44,27943.94
2023-03-28,32820.02,33030.42,32377.03,32713.72,31461.88
2023-03-29,34433.69,35022.92,33465.43,34028.18,39340.26
2023-03-30,33942.58,34592.37,32737.74,33521.92,34703.23
2023-03-31,33334.14,34299.5,32735.92,33462.39,40028.09
2023-04-01,34908.72,35857.97,34528.3,35104.35,17145.89
2023-04-02,34118.62,34437.87,32682.51,33608.34,27465.28
2023-04-03,32454.24,32495.91,31264.79,32052.5,28291.71
2023-04-04,31569.16,31965.94,31006.31,31451.58,87899.71
2023-04-05,32274.77,32901.09,32274.77,32664.62,20171.11
2023-04-06,30869.02,31338.98,30400.39,31019.48,28434.25
2023-04-07,27888.18,29267.05,27536.27,28134.31,25129.41
2023-04-08,28137.25,28317.43,27072.92,27735.12,118379.36
2023-04-09,27972.74,29265.75,27120.19,28318.36,57008.41
2023-04-10,29931.12,29931.12,29256.33,29577.66,16106.29
2023-04-11,29121.14,29333.7,28817.29,29145.74,46477.65
2023-04-12,28578.93,29028.45,28578.93,28772.18,14987.83
2023-04-13,30239.8,30505.11,29699.67,30002.94,42084.34
2023-04-14,28286.31,29244.19,27145.65,28144.57,99662.35
2023-04-15,27524.45,29044.18,27088.37,27806.12,6957.37
2023-04-16,28028.42,28397.6,27703.12,28034.09,14895.43
2023-04-17,28834.95,28996.56,27730.56,28521.09,38022.85
2023-04-18,27966.74,28768.95,27463.49,28058.75,24315.64
2023-04-19,28512.83,28907.01,27414.23,28134.76,39646.36
2023-04-20,25672.96,26204.39,25449.23,25826.85,30381.47
2023-04-21,24960.02,25606.87,24960.02,25276.52,8406.36
2023-04-22,25728.78,26111.79,25310.42,25719.48,53343.09
2023-04-23,24781.81,25050.63,24781.81,24887.57,11032.71
2023-04-24,25001.39,25296.91,24595.77,24976.43,37873.9
2023-04-25,25409.28,25620.81,25230.64,25408.23,22458.47
2023-04-26,24990.46,25884.49,24787.74,25143.11,219817.97
2023-04-27,25536.06,25536.06,24935.76,25331.54,29300.33
2023-04-28,24528.19,25251.28,24026.14,24528.97,42308.85
2023-04-29,24557.43,24574.44,24032.74,24388.78,49679.63
2023-04-30,25138.06,25252.16,24525.07,24952.67,42083.04
2023-05-01,25481.81,25718.84,24516.55,25127.8,31513.19
2023-05-02,24548.85,24736.95,24548.85,24654.18,14488.0
2023-05-03,24535.83,25444.17,24027.61,24885.71,29348.94
2023-05-04,25698.28,25698.28,25427.73,25554.29,7274.6
2023-05-05,23931.5,24730.79,22913.02,23820.76,46769.65
2023-05-06,24869.32,25685.92,23849.04,24844.21,331813.47
2023-05-07,24564.17,24980.13,23927.17,24590.4,36830.51
2023-05-08,24934.69,25367.2,24263.49,24996.81,42170.03
2023-05-09,26285.5,26598.31,25200.59,26105.65,9416.28
2023-05-10,24665.97,25359.29,24665.97,24919.31,16715.89
2023-05-11,24437.63,24821.84,23822.88,24344.67,65217.6
2023-05-12,24335.35,24392.78,23925.82,24136.22,9988.03
2023-05-13,23658.22,23691.14,23339.39,23518.38,17618.19
2023-05-14,25013.95,25304.0,24687.41,25028.24,50642.71
2023-05-15,24324.81,24997.79,23749.44,24325.32,60880.08
2023-05-16,24138.47,24538.99,23185.17,23892.72,29045.27
2023-05-17,24212.57,24354.46,23904.32,24100.37,35054.81
2023-05-18,23467.02,23695.57,22212.16,23142.07,34562.66
2023-05-19,22602.85,23159.13,22602.85,22858.05,11659.43
2023-05-20,23316.04,23672.97,22930.94,23148.13,29603.4
2023-05-21,22765.65,23421.49,22716.18,22914.37,37979.78
2023-05-22,22860.54,23187.34,22315.33,22873.88,29145.23
2023-05-23,22685.12,22685.12,22142.34,22487.71,6669.59
2023-05-24,21187.5,21793.48,20823.01,21358.77,104767.22
2023-05-25,21999.1,22560.71,21071.08,21632.96,12834.5
2023-05-26,23241.68,23659.26,22400.05,23037.9,33209.54
2023-05-27,23194.33,23369.51,22531.14,23087.35,40577.15
2023-05-28,23131.26,23768.39,22319.3,23305.03,21861.33
2023-05-29,23878.43,24559.89,23090.02,23912.81,38550.56
2023-05-30,22842.36,23195.89,22490.88,22908.04,16831.32
2023-05-31,24111.01,24633.8,24023.83,24351.07,177615.33
2023-06-01,24775.85,25079.26,24012.44,24560.94,25950.61
2023-06-02,25959.36,26733.29,25562.78,26043.61,66846.75
2023-06-03,25386.33,25887.6,25011.51,25422.03,13481.78
2023-06-04,27105.8,27704.48,26600.64,27132.94,58771.75
2023-06-05,27873.15,28656.42,26892.14,27920.99,18774.29
2023-06-06,28630.43,28738.93,28307.9,28509.44,11010.57
2023-06-07,28643.66,30183.35,28183.25,28787.06,14362.88
2023-06-08,28755.48,28755.48,28422.83,28580.58,17045.76
2023-06-09,29709.51,30912.96,29071.9,29851.83,37284.91
2023-06-10,30037.02,30531.09,29527.19,30043.88,341153.9
2023-06-11,27793.54,28499.0,27440.21,28087.13,297915.21
2023-06-12,27282.53,27842.3,26606.44,27050.62,25486.47
2023-06-13,27200.63,27200.63,26178.31,26915.58,70916.74
2023-06-14,27406.11,27970.76,26729.18,27250.05,12122.36
2023-06-15,27274.09,27390.29,26962.34,27236.95,6139.01
2023-06-16,28458.57,28607.02,28287.96,28466.8,34374.9
2023-06-17,26403.64,26848.33,26403.64,26627.65,50777.69
2023-06-18,26511.5,27768.21,25883.25,26801.98,61508.69
2023-06-19,25338.69,25428.63,24893.77,25187.46,76421.13
2023-06-20,25867.54,26166.44,25654.48,25905.01,24956.02
2023-06-21,25577.09,26365.12,25377.41,25858.26,34416.04
2023-06-22,25984.76,26888.83,25887.53,26280.22,62999.17
2023-06-23,25665.49,26019.66,24728.17,25535.78,84069.19
2023-06-24,26932.38,27123.48,26316.85,26745.39,15897.63
2023-06-25,27641.93,27926.28,27641.93,27780.17,39373.14
2023-06-26,28430.49,28982.6,27654.21,28395.95,56353.57
2023-06-27,28397.8,28783.41,27761.3,28309.95,37675.38
2023-06-28,28798.64,29581.84,28216.6,28933.74,20508.51
2023-06-29,28549.4,28996.68,27228.27,28269.03,33546.89
2023-06-30,29091.6,30002.09,28291.31,29172.06,51682.17
2023-07-01,30576.7,31277.32,30576.7,30952.18,18800.32
2023-07-02,32132.13,33374.52,31278.8,32182.24,13449.02
2023-07-03,31761.75,32444.24,30687.09,31417.92,180452.78
2023-07-04,31777.57,32737.26,31447.85,31865.64,40571.25
2023-07-05,30245.82,31098.05,29889.63,30501.27,72804.76
2023-07-06,31321.82,31507.94,30626.35,31165.19,40955.41
2023-07-07,31773.67,31959.92,31349.66,31708.13,80758.49
2023-07-08,29743.36,30338.12,29019.76,29744.06,36288.09
2023-07-09,28710.9,29145.79,28100.61,28601.72,53740.94
2023-07-10,28205.25,29068.91,28113.6,28362.2,13790.38
2023-07-11,27972.32,28855.55,27361.96,28107.24,8136.95
2023-07-12,27139.73,27285.87,26530.57,26982.69,22502.2
2023-07-13,27181.82,27743.04,26835.96,27393.61,10582.42
2023-07-14,28034.83,28173.58,27126.86,27677.26,6108.64
2023-07-15,27754.62,27754.62,27361.84,27530.98,42220.45
2023-07-16,26606.72,27140.22,26454.92,26852.5,7986.13
2023-07-17,28193.05,28193.05,27526.02,27898.25,71205.75
2023-07-18,29642.82,30601.8,28567.25,29606.77,107712.22
2023-07-19,29476.57,30158.33,28018.88,29153.6,10662.32
2023-07-20,28608.94,29272.9,27200.4,28578.44,42314.78
2023-07-21,29076.39,29493.84,28528.8,29117.66,149459.5
2023-07-22,28733.38,29799.79,27777.45,28798.23,23086.88
2023-07-23,28538.01,28998.08,28538.01,28701.08,54836.57
2023-07-24,29716.79,30449.61,28575.59,29498.01,230336.78
2023-07-25,27480.44,27933.07,27480.44,27632.57,8680.04
2023-07-26,29203.4,29940.62,28251.29,28980.87,14933.58
2023-07-27,29487.97,29859.15,28631.15,29098.3,53075.7
2023-07-28,28592.55,29183.62,27964.88,28725.28,191315.14
2023-07-29,28532.63,29624.16,27949.29,28678.69,19038.01
2023-07-30,28909.69,28909.69,28486.8,28683.99,236053.89
2023-07-31,26936.97,27218.42,26853.64,27038.11,36636.34
2023-08-01,28833.93,29580.57,27264.42,28533.25,6957.74
2023-08-02,28459.2,28952.09,28144.17,28617.44,119948.08
2023-08-03,29266.88,29266.88,28712.28,29108.25,23328.28
2023-08-04,30065.46,30447.56,29718.58,30139.17,48991.63
2023-08-05,29201.6,29488.87,28659.43,29124.66,8965.88
2023-08-06,29760.23,29760.23,29434.75,29655.77,18624.84
2023-08-07,29543.77,29679.22,29019.55,29423.37,10245.44
2023-08-08,30510.7,30510.7,30107.99,30353.93,9515.96
2023-08-09,27889.69,28597.12,27538.5,28218.37,36172.13
2023-08-10,28071.14,29538.52,27005.13,28162.88,52594.3
2023-08-11,27630.27,28406.04,26203.15,27616.3,21437.47
2023-08-12,27907.41,28521.78,27446.0,28079.38,10574.56
2023-08-13,28810.02,28912.28,28368.91,28588.0,12102.77
2023-08-14,27816.06,29188.82,26956.74,27930.52,44865.66
2023-08-15,27117.18,27974.47,26925.77,27283.82,36126.96
2023-08-16,27423.93,27449.11,26991.28,27219.15,45067.21
2023-08-17,26196.85,27361.59,25788.49,26417.8,113813.11
2023-08-18,27031.47,28199.61,26547.01,27248.75,52370.18
2023-08-19,27048.82,27864.02,26479.04,26939.28,45672.01
2023-08-20,24631.69,25145.1,24016.19,24369.7,212119.75
2023-08-21,24119.35,24484.78,23753.53,24088.2,25502.38
2023-08-22,22962.49,23656.21,22944.74,23263.21,211659.45
2023-08-23,22125.77,22637.89,21296.59,22005.19,96623.59
2023-08-24,21004.07,21351.22,20795.76,21104.12,24083.3
2023-08-25,21407.12,21680.96,20967.17,21216.89,58277.82
2023-08-26,22192.59,23124.66,21741.42,22260.19,26124.81
2023-08-27,22745.59,22875.75,22120.48,22539.32,9870.62
2023-08-28,22025.17,22745.21,21517.4,22099.03,30769.11
2023-08-29,22364.29,22945.31,21653.55,22488.2,9624.51
2023-08-30,21822.97,22832.98,21678.51,22162.96,37343.15
2023-08-31,21548.81,22425.3,21195.76,21663.12,58417.48
2023-09-01,20866.1,21030.72,20443.78,20836.55,25604.95
2023-09-02,19642.55,19899.4,19321.4,19626.77,36048.86
2023-09-03,19484.68,19579.25,19000.13,19389.8,35460.45
2023-09-04,19692.74,19692.74,19384.74,19526.63,58805.53
2023-09-05,19494.39,19677.25,19293.48,19489.92,32131.61
2023-09-06,19247.48,19441.17,18933.62,19237.06,23174.5
2023-09-07,18804.59,18958.72,18204.11,18638.65,56026.84
2023-09-08,19103.52,20015.07,18319.44,19068.28,33763.72
2023-09-09,18101.84,18485.53,18061.18,18236.53,5326.61
2023-09-10,18688.37,19085.29,18215.71,18766.76,22380.74
2023-09-11,17837.87,18739.28,17550.18,18147.08,19417.84
2023-09-12,17581.01,17788.61,17581.01,17701.95,32843.23
2023-09-13,16613.61,17142.06,16357.69,16841.35,29778.0
2023-09-14,16619.76,16804.51,16049.14,16573.22,6035.88
2023-09-15,17340.93,17600.12,16939.53,17174.47,8785.15
2023-09-16,17381.66,18237.62,16987.64,17513.48,13583.75
2023-09-17,18019.61,18323.64,17851.31,18150.82,30924.38
2023-09-18,18653.01,18841.68,17768.98,18513.32,69688.53
2023-09-19,17774.21,17933.56,17718.58,17838.56,8107.22
2023-09-20,17695.96,18218.92,17148.62,17659.69,17038.92
2023-09-21,17312.09,17567.75,16760.49,17209.78,27886.79
2023-09-22,17954.97,18384.32,17465.54,18057.26,13923.42
2023-09-23,17246.96,17617.9,17072.7,17342.5,31146.05
2023-09-24,17847.8,18302.12,17466.21,17920.4,48863.05
2023-09-25,18286.93,19285.15,18072.07,18517.07,16112.01
2023-09-26,19848.24,20233.16,19328.54,19771.27,39021.98
2023-09-27,19612.87,19967.41,18860.06,19519.05,27304.14
2023-09-28,20054.61,20550.86,19495.77,20041.84,12018.12
2023-09-29,21977.04,22681.01,21306.35,21740.56,27537.34
2023-09-30,21263.05,21660.2,20893.43,21307.57,44162.73
2023-10-01,20323.23,20754.06,19613.54,20223.31,93608.89
2023-10-02,19037.58,19781.91,18122.09,18963.87,110665.7
2023-10-03,19347.57,19709.13,19051.94,19472.06,18989.2
2023-10-04,18385.11,18385.11,18043.68,18257.4,17798.09
2023-10-05,18066.58,18361.16,17875.45,18048.08,30291.79
2023-10-06,18497.06,19089.21,17751.95,18353.95,19079.56
2023-10-07,18359.55,18802.86,18359.55,18501.03,77883.93
2023-10-08,18823.28,19386.97,18261.34,18806.77,32121.61
2023-10-09,18912.16,19574.07,18264.5,18982.11,31048.86
2023-10-10,19745.43,20078.94,19563.78,19880.85,50308.8
2023-10-11,19475.14,19787.72,18805.86,19257.99,33885.49
2023-10-12,18864.7,19157.18,18483.41,18835.27,37847.36
2023-10-13,18225.94,18461.33,18225.94,18360.25,36358.01
2023-10-14,18854.63,19309.8,18506.96,18929.94,26441.8
2023-10-15,19655.22,19655.22,19312.77,19565.33,14546.18
2023-10-16,19770.79,20214.48,19538.05,19906.61,122866.43
2023-10-17,20620.89,21691.76,19911.01,20779.65,14745.94
2023-10-18,19946.74,20353.5,19742.63,19970.23,113082.77
2023-10-19,21281.6,22307.79,20722.02,21202.0,40217.72
2023-10-20,22266.11,22842.89,21979.63,22396.59,19212.4
2023-10-21,23087.16,23468.84,22776.91,23015.22,48848.7
2023-10-22,24539.83,24766.04,24307.0,24532.98,59918.2
2023-10-23,23214.74,23698.32,22719.84,23185.72,124163.84
2023-10-24,22359.6,23454.26,22250.94,22798.19,10908.26
2023-10-25,22255.13,22410.5,22101.34,22252.3,27741.81
2023-10-26,22809.79,23720.13,22298.52,22855.62,94117.78
2023-10-27,22132.79,22275.17,21836.94,22063.89,56245.49
2023-10-28,22572.01,23606.9,22148.09,22690.69,46037.54
2023-10-29,23770.64,24098.99,23629.12,23841.4,103362.46
2023-10-30,24569.63,24614.24,24272.84,24465.29,27644.79
2023-10-31,25032.78,25034.38,24576.54,24746.57,4704.5
2023-11-01,23687.75,24655.46,23116.52,23941.45,23653.78
2023-11-02,23372.69,24083.1,22729.08,23277.13,157216.32
2023-11-03,24591.98,25274.78,23480.07,24354.29,40478.18
2023-11-04,25204.63,25699.25,24473.2,25065.32,16395.73
2023-11-05,25276.34,25276.34,24647.5,25068.69,93532.73
2023-11-06,24634.18,25163.95,24570.13,24741.77,62977.53
2023-11-07,23311.23,23760.84,22555.45,23082.84,35280.27
2023-11-08,22138.03,22914.61,21988.15,22267.09,49562.85
2023-11-09,23853.96,24218.39,23179.24,23843.44,14036.68
2023-11-10,22740.92,23014.7,22461.64,22832.69,23401.58
2023-11-11,22934.01,23432.27,22465.63,23019.12,29753.51
2023-11-12,23552.2,24180.07,23531.56,23881.06,76347.56
2023-11-13,22528.09,23793.38,21759.69,22889.16,20170.39
2023-11-14,23289.4,23293.32,22876.92,23072.2,30721.95
2023-11-15,23534.3,24316.12,23485.12,23877.95,100354.78
2023-11-16,23972.19,24242.72,23508.27,23924.25,238882.35
2023-11-17,26215.22,27070.57,25760.66,26490.52,16317.23
2023-11-18,24855.38,25792.24,24550.44,25025.27,35960.74
2023-11-19,26151.35,26721.51,25354.33,26008.97,9741.57
2023-11-20,25924.51,26513.28,25647.64,25890.95,32126.96
2023-11-21,26612.82,27330.68,26264.48,26639.91,26010.31
2023-11-22,27343.31,27912.43,26188.09,27095.19,89747.71
2023-11-23,26387.11,27560.37,25414.21,26448.41,12805.66
2023-11-24,26963.99,27058.31,26236.67,26701.26,11511.5
2023-11-25,24843.39,25493.91,24187.53,25057.78,108594.25
2023-11-26,25386.92,26035.23,25257.81,25630.88,19522.12
2023-11-27,25909.96,26160.37,25614.11,25938.63,38085.54
2023-11-28,26565.48,27230.86,25797.3,26564.79,41499.66
2023-11-29,27418.83,27868.46,27320.22,27608.42,17682.9
2023-11-30,27946.05,28221.57,27668.35,28007.92,17784.15
2023-12-01,28475.0,28475.0,27835.04,28195.73,82360.93
2023-12-02,27294.17,27646.66,27234.2,27380.55,56901.83
2023-12-03,26332.22,27382.81,26190.13,26746.55,32438.34
2023-12-04,27533.3,28769.69,27187.03,27922.73,29869.59
2023-12-05,29897.29,29970.42,28033.7,29406.41,43702.99
2023-12-06,29545.06,29714.38,28222.51,29206.14,45947.33
2023-12-07,29194.93,29518.47,29048.59,29297.11,92920.09
2023-12-08,28611.0,29200.56,27505.69,28426.66,32973.0
2023-12-09,29724.01,30414.77,28906.95,29662.21,48499.75
2023-12-10,30715.77,30739.47,30043.32,30406.72,60979.05
2023-12-11,32313.97,33665.77,31894.73,32593.28,63437.27
2023-12-12,31389.9,32985.07,31063.75,31654.01,111091.75
2023-12-13,31615.08,31712.11,30796.16,31284.87,34336.64
2023-12-14,31209.34,32178.5,30609.99,31586.67,22133.77
2023-12-15,32376.1,32763.27,32105.64,32358.03,26373.36
2023-12-16,32151.41,32608.59,31957.54,32162.91,58506.37
2023-12-17,31437.92,31792.89,30587.87,31241.91,31794.76
2023-12-18,32305.19,33182.04,31471.64,32269.08,218576.84
2023-12-19,33108.58,34413.04,32559.45,33143.59,35794.91
2023-12-20,32047.87,33612.48,30491.98,32145.73,16318.73
2023-12-21,33489.43,34341.26,33400.65,33758.1,46195.73
2023-12-22,35175.42,35465.33,34868.02,35222.22,124243.07
2023-12-23,35771.63,35985.27,34908.72,35441.29,18935.2
2023-12-24,35512.1,36818.82,34406.25,35593.52,18534.34
2023-12-25,36753.84,36824.4,36119.12,36344.96,31632.4
2023-12-26,35524.65,35835.78,34392.11,35318.11,21661.37
2023-12-27,35543.33,36829.31,34545.8,35408.33,12343.0
2023-12-28,32845.61,34242.92,31702.66,32888.19,10300.14
2023-12-29,33792.86,35025.17,33320.8,33963.61,43077.31
2023-12-30,32638.75,32876.21,31926.83,32205.5,62115.81
2023-12-31,34212.31,35789.47,32479.16,33996.48,20419.57
2024-01-01,33618.86,34305.55,33158.41,33656.39,33688.53
2024-01-02,33912.91,34277.58,32589.89,33458.12,41235.05
2024-01-03,32945.13,33405.29,32519.84,32780.17,14576.19
2024-01-04,32130.74,33163.64,31611.02,32500.08,69926.77
2024-01-05,34088.94,34477.2,33650.7,34205.66,42491.67
2024-01-06,31582.96,31918.33,31087.53,31400.31,52836.96
2024-01-07,33281.44,33457.98,32368.41,32884.83,60870.62
2024-01-08,33955.69,33997.72,32709.34,33326.15,247256.7
2024-01-09,32002.09,32396.64,30973.71,31995.54,15407.61
2024-01-10,31012.13,31013.36,30441.23,30859.99,16896.4
2024-01-11,32613.61,33585.87,32037.46,32773.96,135618.41
2024-01-12,31529.3,32094.84,31291.44,31754.73,58764.18
2024-01-13,30385.81,30762.51,30385.81,30544.19,36336.69
2024-01-14,31931.58,32164.95,31595.89,31832.26,23811.77
2024-01-15,32586.4,32893.62,30887.53,32260.05,29139.26
2024-01-16,31459.16,31928.47,30424.5,31265.1,29255.53
2024-01-17,31572.33,31914.8,31169.41,31550.33,10521.21
2024-01-18,30781.82,31096.84,29674.88,30483.42,74847.29
2024-01-19,32477.37,32722.93,30795.07,31728.38,6979.09
2024-01-20,32759.2,34039.84,31336.19,32978.62,17932.24
2024-01-21,32996.47,33992.5,32973.29,33648.88,25230.85
2024-01-22,34222.16,35017.04,33251.83,34128.67,199079.94
2024-01-23,36522.91,36522.91,35985.44,36353.1,33888.85
2024-01-24,35956.6,36816.86,35664.24,36407.27,47346.38
2024-01-25,35217.49,35887.83,34299.66,34984.42,17931.21
2024-01-26,35496.5,36665.24,35122.47,35592.49,72987.95
2024-01-27,38449.18,39145.4,38043.94,38345.85,398194.05
2024-01-28,36790.89,37535.68,36722.66,37063.39,54856.32
2024-01-29,36364.87,37481.03,35335.15,36652.38,28179.96
2024-01-30,36917.2,37975.57,36478.77,37246.35,7301.81
2024-01-31,37430.77,37904.53,36665.15,37231.95,64606.22
2024-02-01,35847.71,37547.6,34274.3,36027.65,16632.78
2024-02-02,37607.65,37900.24,37192.23,37526.66,20326.91
2024-02-03,40771.74,41151.16,40044.47,40762.12,81167.18
2024-02-04,40716.43,41863.86,40044.45,41104.51,26465.15
2024-02-05,39908.28,40628.46,39499.4,39884.01,35394.7
2024-02-06,37907.77,38519.92,37571.11,37836.03,68016.74
2024-02-07,38561.56,39370.44,37725.28,38236.51,21314.86
2024-02-08,40278.2,41243.04,38833.43,39802.38,13596.93
2024-02-09,40200.05,41066.56,40142.92,40530.61,55709.49
2024-02-10,40703.25,41995.14,39803.07,40588.04,70301.45
2024-02-11,39112.85,41499.77,39062.91,39819.19,24026.0
2024-02-12,38644.71,39027.71,38084.32,38383.33,22740.18
2024-02-13,39928.07,41039.5,38354.75,39580.61,15777.39
2024-02-14,40126.88,41509.89,40126.88,40928.29,68284.24
2024-02-15,38725.7,39319.57,38093.83,38831.08,175172.09
2024-02-16,40819.61,42385.87,40204.45,41114.68,81456.97
2024-02-17,41897.23,43408.78,40735.45,42012.1,36278.93
2024-02-18,43996.71,44784.17,43929.19,44187.57,70785.56
2024-02-19,42208.43,42694.88,41652.06,42223.17,20104.15
2024-02-20,39861.51,40161.32,38419.9,39549.13,51062.09
2024-02-21,39221.74,40171.43,38314.5,39320.43,15921.49
2024-02-22,40042.83,40767.42,39579.04,40361.67,34784.75
2024-02-23,44071.79,44415.78,43668.27,44141.59,94309.24
2024-02-24,45671.4,46842.69,44374.79,45764.11,77631.98
2024-02-25,45259.65,46261.44,44830.1,45291.02,63586.22
2024-02-26,42917.52,43470.45,42369.57,43134.22,55079.35
2024-02-27,46015.74,47785.51,45044.97,45882.64,22525.17
2024-02-28,44283.42,45079.01,42270.86,43829.9,44560.25
2024-02-29,47059.24,48929.11,46804.88,47541.89,77212.04
2024-03-01,47123.68,47633.94,46328.08,46954.37,33772.06
2024-03-02,51226.83,51827.15,49371.81,50836.51,36164.01
2024-03-03,52452.33,53129.79,51913.2,52635.06,29739.89
2024-03-04,52706.41,52706.41,51847.35,52361.4,34403.25
2024-03-05,51097.45,52595.21,49931.38,51122.22,23006.61
2024-03-06,50045.32,50571.22,50045.32,50350.81,43222.58
2024-03-07,50972.06,51901.98,50831.36,51495.9,33173.56
2024-03-08,52093.58,52118.38,51351.5,51768.56,13212.29
2024-03-09,50638.58,50773.06,49848.33,50359.45,339658.89
2024-03-10,50299.96,50299.96,49744.85,50027.37,18431.7
2024-03-11,50565.62,52595.74,47930.26,50295.75,38047.1
2024-03-12,45345.75,46344.69,44944.51,45381.86,42413.28
2024-03-13,46661.24,46774.33,46135.87,46481.89,26618.13
2024-03-14,44395.27,44754.52,43861.33,44369.68,37209.39
2024-03-15,41882.96,44084.46,40018.95,41994.69,20270.57
2024-03-16,38550.1,39170.15,38191.75,38720.27,67437.76
2024-03-17,35140.81,36404.49,35140.81,35515.26,35754.0
2024-03-18,33085.36,33823.83,32217.65,33282.96,63057.0
2024-03-19,32189.7,32984.16,31748.58,32194.76,113608.52
2024-03-20,34872.94,35941.33,34872.94,35481.57,29052.23
2024-03-21,34488.22,35239.58,34228.19,34630.86,66908.9
2024-03-22,35243.9,35481.68,34419.24,34986.24,123671.76
2024-03-23,36117.12,36372.49,35394.18,35733.14,33052.53
2024-03-24,35865.37,36567.19,35409.67,36017.35,63618.12
2024-03-25,35772.37,36326.59,35237.54,35934.79,25200.92
2024-03-26,33745.94,34949.4,32844.68,33941.44,93183.65
2024-03-27,36334.04,36796.55,36283.19,36497.07,24667.08
2024-03-28,40301.33,40605.69,39648.67,39936.26,67012.59
2024-03-29,37310.84,37454.12,36459.38,36830.8,81864.52
2024-03-30,34607.04,36719.96,33754.77,35080.91,14103.62
2024-03-31,34430.18,35224.66,33925.76,34655.15,21146.57
2024-04-01,32611.47,34374.41,32355.98,33104.99,20116.68
2024-04-02,33979.15,34664.32,33439.56,33986.94,84882.14
2024-04-03,32716.4,33111.9,32453.85,32844.72,13791.3
2024-04-04,36680.52,36968.67,36168.32,36575.5,47785.48
2024-04-05,39036.9,39624.3,38498.29,38830.87,67479.94
2024-04-06,39469.97,39596.01,39004.45,39296.35,43429.44
2024-04-07,41122.46,41908.56,41122.46,41386.47,107497.27
2024-04-08,43747.63,44478.89,42031.33,43756.63,8520.17
2024-04-09,42271.15,42996.89,42271.15,42627.93,63872.16
2024-04-10,41588.11,41647.19,40016.04,41018.17,33395.65
2024-04-11,41120.33,41646.53,40818.93,41237.34,11611.77
2024-04-12,42609.29,43902.27,42374.08,43080.23,16615.26
2024-04-13,43250.75,44510.48,42646.87,43439.89,138512.74
2024-04-14,40336.92,41110.26,39612.07,40269.94,63544.24
2024-04-15,39002.11,39623.72,38338.08,38774.66,71634.13
2024-04-16,39094.86,39710.27,38071.58,38692.37,81152.79
2024-04-17,38626.47,39302.43,37079.96,38607.04,12715.05
2024-04-18,42474.97,43215.25,42187.91,42588.71,47785.86
2024-04-19,40070.54,40231.14,39513.25,39852.13,91860.66
2024-04-20,41128.32,42190.29,40067.34,40913.08,27956.36
2024-04-21,44117.92,44664.47,43128.93,44076.04,118547.82
2024-04-22,49658.69,50453.87,48154.16,49339.12,25721.29
2024-04-23,48207.18,49125.68,47303.92,48443.68,45995.69
2024-04-24,49689.3,50309.46,49215.29,49698.85,57910.11
2024-04-25,50350.2,52447.83,49435.62,51182.63,78154.75
2024-04-26,52328.25,53302.92,50185.79,51752.81,34131.02
2024-04-27,51377.18,52230.82,50908.8,51580.07,96395.31
2024-04-28,53362.1,53534.83,51293.09,52772.92,61091.19
2024-04-29,46439.7,48571.26,45535.52,46684.77,11028.25
2024-04-30,48460.76,49555.83,47351.53,48343.87,180733.98
2024-05-01,48738.05,49023.44,48480.01,48716.71,19396.58
2024-05-02,48028.44,49477.63,47081.25,48260.86,192897.82
2024-05-03,53637.41,54673.56,51664.19,53432.39,38472.36
2024-05-04,52300.67,53844.62,49808.25,51771.79,32637.04
2024-05-05,51563.37,52040.89,50013.82,50835.49,58622.03
2024-05-06,56464.1,56858.9,55569.89,56130.58,25582.35
2024-05-07,53446.56,54846.6,52971.55,53969.0,9701.87
2024-05-08,52020.91,53853.31,51003.24,52612.52,39686.54
2024-05-09,52789.91,52835.68,52081.52,52313.26,58305.82
2024-05-10,54159.62,55906.21,53188.29,54595.19,150961.67
2024-05-11,55508.92,55819.56,54591.47,55236.73,17108.72
2024-05-12,51980.08,52977.77,50852.63,51924.44,68455.87
2024-05-13,51188.73,51188.73,49809.45,50663.88,39133.1
2024-05-14,49453.08,50596.42,48132.11,49252.15,43077.44
2024-05-15,49127.77,51202.62,48279.87,49139.79,91205.73
2024-05-16,51079.89,52130.82,48755.17,50251.25,28135.07
2024-05-17,51706.93,53113.92,50358.4,51368.62,48949.65
2024-05-18,47367.25,49343.47,44681.48,47157.97,98308.79
2024-05-19,49484.54,50050.93,49414.08,49756.25,96071.82
2024-05-20,49988.67,51228.36,49509.4,50451.47,15987.99
2024-05-21,53961.78,55132.25,53016.52,54074.03,26887.68
2024-05-22,54683.21,57902.59,54331.68,55346.85,39594.84
2024-05-23,58352.69,59528.7,57472.59,58503.38,87634.66
2024-05-24,60330.18,62237.16,56918.75,59946.07,37854.73
2024-05-25,64633.57,65925.19,61978.2,64129.87,51255.94
2024-05-26,65710.64,68700.47,64237.74,65890.92,132374.05
2024-05-27,66196.35,66196.35,65209.32,65673.98,37064.23
2024-05-28,74222.75,74222.75,73067.05,73519.6,168238.05
2024-05-29,76889.94,80174.97,74362.32,76908.38,14711.72
2024-05-30,79939.28,79939.28,78673.98,79219.96,39497.44
2024-05-31,74183.57,76400.36,72347.9,74529.08,17506.91
2024-06-01,70217.08,70508.22,69441.62,70074.74,55308.21
2024-06-02,70988.42,72868.96,69971.13,71193.78,92693.92
2024-06-03,71190.41,72601.08,71190.41,71810.88,44899.93
2024-06-04,70084.1,72263.49,68812.7,69786.74,34387.83
2024-06-05,70372.66,72086.74,69007.53,70375.99,17018.2
2024-06-06,76228.92,77892.56,75526.09,76187.3,202867.78
2024-06-07,78929.29,79449.23,78214.98,78946.43,53008.86
2024-06-08,74273.4,75399.53,74273.4,74765.77,36409.51
2024-06-09,75393.5,75393.5,73270.59,74469.99,182049.5
2024-06-10,71839.95,73656.91,69759.56,71697.28,38508.27
2024-06-11,70303.21,72606.27,69050.81,70453.68,24393.37
2024-06-12,68419.61,70800.91,67395.39,69143.8,28327.51
2024-06-13,68342.62,68342.62,66572.93,67645.7,24880.14
2024-06-14,64173.72,64518.97,62549.64,63706.21,20373.59
2024-06-15,63404.77,63651.39,62786.4,63404.0,27378.32
2024-06-16,61245.25,62561.67,61245.25,61778.61,324593.1
2024-06-17,54309.46,55730.09,51706.66,53598.13,17422.55
2024-06-18,57509.24,59658.12,55161.59,57677.57,13748.99
2024-06-19,59685.47,61067.72,58971.0,60007.84,57840.07
2024-06-20,59288.28,60782.39,58222.6,59311.59,43309.97
2024-06-21,59618.14,60883.42,57763.31,59439.76,78125.38
2024-06-22,57060.12,57955.58,55839.83,57137.2,28979.49
2024-06-23,60169.77,60974.92,60169.77,60721.98,23258.44
2024-06-24,65118.32,65710.56,64698.96,64988.54,184349.37
2024-06-25,65927.04,67001.21,64646.88,65444.02,13360.62
2024-06-26,67448.53,69568.94,65966.44,67932.78,66068.34
2024-06-27,69308.04,69695.64,67109.3,68453.44,86375.02
2024-06-28,65880.53,66152.71,65015.91,65422.64,93582.82
2024-06-29,64825.42,65520.71,64039.1,64583.22,37778.96
2024-06-30,64452.35,67174.82,63661.98,64979.51,17800.1
2024-07-01,64192.82,65864.67,62787.97,64049.93,159107.16
2024-07-02,63837.79,64846.92,61417.84,63657.04,33455.3
2024-07-03,63507.34,65930.7,62511.92,63548.98,162345.77
2024-07-04,63917.02,64028.43,63158.24,63464.47,64037.75
2024-07-05,63492.34,65251.42,62209.85,63676.1,32448.94
2024-07-06,61314.28,63902.83,58837.11,61447.81,64232.92
2024-07-07,59694.94,61055.35,58977.07,60014.88,116275.37
2024-07-08,57255.04,58711.06,55442.23,57462.47,48348.61
2024-07-09,59480.89,60239.07,59104.12,59552.34,25564.49
2024-07-10,55321.85,55678.36,54870.54,55404.35,10635.11
2024-07-11,57666.92,58198.54,57142.28,57773.7,32334.63
2024-07-12,61186.19,61580.76,60210.9,60737.17,88918.75
2024-07-13,60911.96,60933.64,59143.86,60188.4,20667.6
2024-07-14,54465.2,56377.29,53679.59,55029.52,76379.56
2024-07-15,55063.67,56149.62,52940.49,54419.58,45049.29
2024-07-16,54672.38,55015.58,52844.36,54378.97,79935.59
2024-07-17,52192.37,53290.2,51507.88,52567.95,6663.58
2024-07-18,51569.55,52168.87,51443.61,51706.0,13786.46
2024-07-19,54756.72,56333.42,53413.53,54632.6,30480.11
2024-07-20,55487.79,57264.02,55487.79,56002.88,198870.96
2024-07-21,54263.36,54990.73,53180.55,54301.04,24063.45
2024-07-22,51641.37,52995.23,50347.71,51425.16,38701.52
2024-07-23,50613.03,52499.71,48947.36,50916.24,238190.64
2024-07-24,50013.92,52980.42,49281.04,50613.12,59890.35
2024-07-25,51659.07,52467.01,50643.55,51577.1,85322.99
2024-07-26,51412.01,51412.01,50424.39,50695.73,25445.32
2024-07-27,51394.03,52758.17,50539.81,51688.96,110275.72
2024-07-28,55089.72,56399.05,54457.28,55394.19,128924.5
2024-07-29,56992.06,58368.7,56506.51,57083.62,67400.61
2024-07-30,57510.34,57510.34,56661.94,57073.17,42119.05
2024-07-31,56042.84,58738.62,55865.29,56793.61,70408.47
2024-08-01,56519.17,56597.56,55694.85,56173.23,12190.17
2024-08-02,58410.06,60133.05,57325.84,58630.95,109296.2
2024-08-03,57266.99,58569.04,56064.21,57443.78,22949.64
2024-08-04,57155.48,58326.57,56038.53,57621.14,36281.4
2024-08-05,57695.99,59199.5,56278.03,57811.14,130310.71
2024-08-06,56443.36,58656.13,55807.77,56889.97,108384.75
2024-08-07,54067.58,56113.72,52523.08,54303.17,12027.86
2024-08-08,54333.53,55631.16,54333.53,55002.95,20752.77
2024-08-09,54205.55,57166.27,53733.53,54968.03,73870.55
2024-08-10,56173.79,57249.12,54858.0,56022.87,11114.97
2024-08-11,55624.92,57822.48,53678.65,55068.84,137912.79
2024-08-12,58946.05,58946.05,56161.62,57559.13,49797.77
2024-08-13,56316.92,56653.74,54801.6,55903.43,138251.0
2024-08-14,59199.97,61155.4,57210.21,59444.74,25391.55
2024-08-15,55112.89,57972.74,53515.96,56001.58,26434.99
2024-08-16,57191.52,57626.53,56151.88,56945.62,103075.3
2024-08-17,57436.57,58328.25,57436.57,57988.05,35886.26
2024-08-18,56115.61,57192.47,55553.04,56480.33,16630.1
2024-08-19,57818.53,58923.81,56101.52,57411.59,70915.54
2024-08-20,60272.76,61729.24,57878.65,60131.23,12967.39
2024-08-21,55311.47,57394.86,53595.92,55725.66,141292.45
2024-08-22,56409.47,57053.15,56409.47,56800.02,52153.75
2024-08-23,52220.17,53357.26,51047.7,52131.65,21162.52
2024-08-24,50610.34,51880.03,49757.46,50474.79,106105.98
2024-08-25,54160.61,54830.58,51771.24,53516.76,110730.4
2024-08-26,52009.61,52718.49,52009.61,52516.76,43403.93
2024-08-27,50526.2,51399.09,48767.03,50478.46,262080.04
2024-08-28,50573.42,51210.34,49342.55,50205.21,256618.63
2024-08-29,53872.92,54476.0,53302.4,54054.65,56855.85
2024-08-30,50125.56,51464.96,50095.35,50774.11,99829.31
2024-08-31,48650.64,49812.72,48272.83,49013.26,119259.73
2024-09-01,51743.57,52915.84,50608.01,51728.09,17326.28
2024-09-02,55070.65,55591.27,54918.21,55286.04,55840.48
2024-09-03,55303.08,55669.68,54445.67,55168.96,25702.54
2024-09-04,53448.38,54697.53,50682.51,52906.89,22485.79
2024-09-05,56837.05,57793.45,56731.76,57019.2,49703.89
2024-09-06,60971.35,61366.03,59256.65,60382.15,54375.65
2024-09-07,61869.73,63205.69,60699.21,61927.03,12965.35
2024-09-08,60444.79,61399.62,58724.15,60281.34,61106.44
2024-09-09,60211.86,61775.46,57906.48,60268.32,37969.12
2024-09-10,60196.15,61628.83,58893.71,60020.97,141699.41
2024-09-11,61073.28,61784.98,58400.43,60811.19,118205.12
2024-09-12,64404.29,66416.0,63009.35,64075.29,24176.33
2024-09-13,66179.08,66901.14,65767.62,66177.36,139483.26
2024-09-14,63034.35,64629.92,63034.35,63824.06,73466.02
2024-09-15,67394.31,67764.39,65318.41,67074.75,41287.07
2024-09-16,66845.2,69260.19,66222.31,67915.7,32862.36
2024-09-17,69334.85,71615.29,67417.45,69673.12,20049.71
2024-09-18,72047.69,74495.03,71688.56,73452.84,19529.63
2024-09-19,71717.53,71727.23,69718.13,70756.06,11743.69
2024-09-20,71009.75,71867.93,69608.42,70773.48,51514.53
2024-09-21,69392.13,70508.91,68843.21,69573.48,9655.09
2024-09-22,66706.05,67358.99,64048.15,65957.35,24354.67
2024-09-23,67147.41,67578.99,65572.29,66862.83,83005.63
2024-09-24,73188.91,75019.99,71377.69,73116.03,170426.81
2024-09-25,68875.54,69576.88,67976.32,68658.5,19873.59
2024-09-26,68473.99,70664.73,66079.42,68683.92,81127.02
2024-09-27,69648.92,72590.65,67966.08,70346.58,39409.05
2024-09-28,71300.23,71664.02,69358.7,70756.32,33517.13
2024-09-29,70542.44,72183.35,69839.26,70582.51,57246.47
2024-09-30,66595.49,69293.06,64990.89,67546.06,29229.2
2024-10-01,68477.7,69773.32,66872.89,68200.87,46388.83
2024-10-02,66539.61,68245.29,64542.49,66517.87,51796.87
2024-10-03,62138.18,62138.18,60947.72,61702.43,118916.45
2024-10-04,64571.94,65913.16,63647.65,64433.52,144777.14
2024-10-05,66441.43,67488.6,66441.43,66731.53,30371.63
2024-10-06,65993.81,68493.17,64688.82,66952.65,39575.76
2024-10-07,68276.58,69065.04,66610.15,67592.93,93953.34
2024-10-08,70252.46,72745.95,67215.78,70288.24,43663.17
2024-10-09,70457.23,72517.93,69559.14,70948.65,89839.12
2024-10-10,72917.09,75585.11,71649.27,73339.32,106399.71
2024-10-11,73443.64,73582.14,71893.37,72688.64,116243.34
2024-10-12,76506.21,79274.26,73745.13,76218.52,56709.79
2024-10-13,77872.36,78717.44,74837.35,77194.79,20997.14
2024-10-14,77990.23,78674.26,76948.47,77837.54,46791.78
2024-10-15,74065.97,78104.2,72451.18,74565.03,34784.17
2024-10-16,76508.86,77347.56,73850.58,75430.76,97845.45
2024-10-17,73146.44,74760.54,70954.28,73375.99,175231.21
2024-10-18,72325.12,72896.34,70863.84,71862.66,177102.12
2024-10-19,70552.35,70904.88,69048.37,69945.66,102201.42
2024-10-20,67488.05,67900.82,66871.24,67484.67,23352.79
2024-10-21,72155.37,74242.1,71557.86,72803.75,158185.25
2024-10-22,75976.51,78803.4,73962.0,76390.96,74460.04
2024-10-23,82267.82,83440.41,79734.2,81824.54,28500.27
2024-10-24,78849.21,79954.1,77002.44,78513.91,107198.55
2024-10-25,79648.35,81595.43,75487.78,78828.12,45180.35
2024-10-26,76139.72,76924.89,74691.67,75452.02,11047.61
2024-10-27,73185.31,74615.56,72389.55,73747.54,23674.6
2024-10-28,72115.36,72115.36,70585.82,71522.58,48369.26
2024-10-29,74246.61,75126.16,74246.61,74806.04,48088.76
2024-10-30,74238.11,75126.19,71286.19,73886.54,22148.14
2024-10-31,78052.68,78052.68,74604.33,76816.84,96848.94
2024-11-01,78772.57,80807.4,76869.79,78576.14,81566.76
2024-11-02,84087.93,86452.07,84070.1,85301.79,17927.29
2024-11-03,80907.32,82969.87,79315.98,81118.81,450904.52
2024-11-04,85866.53,85866.53,84080.61,84901.19,21335.94
2024-11-05,88363.18,89171.74,86957.85,88509.82,40102.33
2024-11-06,86244.66,86244.66,85174.66,85673.65,76547.77
2024-11-07,88200.49,89560.05,87779.38,88880.69,40309.25
2024-11-08,89811.27,91601.77,88625.4,90067.55,187146.3
2024-11-09,89333.02,90744.09,88737.24,89487.44,50613.36
2024-11-10,88433.19,88967.88,83016.55,87074.2,27389.59
2024-11-11,84829.32,85961.49,83630.26,85037.45,92264.26
2024-11-12,90692.15,92381.99,90692.15,91499.65,5805.48
2024-11-13,93250.48,93250.48,90970.38,91639.2,90589.82
2024-11-14,94495.45,97158.64,91213.4,94323.81,168922.05
2024-11-15,92367.56,92904.03,91496.57,91886.32,9352.46
2024-11-16,88395.33,91925.95,85655.74,89546.43,42167.71
2024-11-17,93334.21,97984.61,90351.11,93142.14,15999.86
2024-11-18,88991.81,89697.11,87619.53,88978.22,58639.33
2024-11-19,87147.23,88773.3,85390.1,87826.13,346420.58
2024-11-20,88533.37,88858.33,87680.33,88062.79,69263.48
2024-11-21,87330.79,91726.64,86156.86,88539.44,48567.83
2024-11-22,87432.14,89076.75,86066.16,88118.27,6021.82
2024-11-23,90255.7,90255.7,87894.77,89481.65,24034.95
2024-11-24,91282.57,92413.2,90666.37,91815.72,53201.1
2024-11-25,93976.16,95809.8,91629.74,94348.54,64857.36
2024-11-26,91351.29,92482.75,89163.42,91285.57,77583.52
2024-11-27,90248.52,92033.48,89135.3,90517.87,108424.77
2024-11-28,95047.41,97469.48,91343.57,94524.96,29204.24
2024-11-29,97815.54,100544.44,95763.41,97678.02,63552.48
2024-11-30,92111.53,97014.17,88803.25,93235.31,40169.49
2024-12-01,93975.3,95462.96,93689.68,94531.05,28451.89
2024-12-02,87743.98,91729.08,86969.76,88339.77,28759.09
2024-12-03,88289.31,91162.6,86614.6,88617.84,89217.89
2024-12-04,94931.01,95576.14,94283.35,94846.05,7764.95
2024-12-05,92113.92,94506.22,90355.84,91888.76,13422.57
2024-12-06,88033.85,91156.11,88033.85,89378.26,733215.95
2024-12-07,92692.31,96117.89,90190.79,91938.37,34803.84
2024-12-08,87172.88,88561.0,86173.73,87236.29,185633.47
2024-12-09,84687.7,87422.13,84213.43,85453.64,53747.28
2024-12-10,88053.02,89314.85,86314.23,87387.26,36616.14
2024-12-11,84155.08,87378.58,83835.67,85596.93,95851.75
2024-12-12,84259.07,86746.31,84259.07,85020.34,60183.15
2024-12-13,88883.52,90050.18,85055.51,87394.91,49726.72
2024-12-14,88931.01,90410.29,85680.75,88827.04,55960.89
2024-12-15,89265.43,90888.9,87939.08,89795.04,79982.57
2024-12-16,88945.88,91840.27,85188.43,88868.74,33433.99
2024-12-17,90031.45,92165.04,85712.7,90162.41,39790.86
2024-12-18,89933.29,91646.21,89082.12,89907.55,26717.88
2024-12-19,91854.94,92506.62,90159.93,91496.91,22473.74
2024-12-20,89911.61,92836.58,88932.81,90054.27,256837.68
2024-12-21,89869.28,91221.21,87913.87,89614.99,28228.47
2024-12-22,86583.49,87157.61,86374.07,86693.08,126940.34
2024-12-23,86147.44,87690.47,85561.97,86716.9,42963.32
2024-12-24,83669.61,85930.99,83503.79,84416.58,86570.62
2024-12-25,82168.29,83039.5,80143.09,81310.26,54840.08
2024-12-26,82598.48,83244.74,80809.11,82172.88,13187.45
2024-12-27,83599.16,85284.95,79556.26,82911.29,56873.97
2024-12-28,85345.01,87631.02,82244.99,85342.43,91817.69
2024-12-29,84342.52,85263.73,83418.34,84190.53,26126.88
2024-12-30,85407.7,87086.99,82539.23,85529.75,362830.58
2024-12-31,88134.1,89378.14,84763.72,87325.47,109844.36
2025-01-01,88583.59,91268.39,84372.75,88828.65,111791.43
2025-01-02,86016.67,87093.93,86016.67,86427.97,119665.25
2025-01-03,87374.25,88489.35,85730.69,87011.4,8845.09
2025-01-04,88152.32,90626.1,84705.82,88259.74,101470.88
2025-01-05,88591.21,90160.3,85733.03,88414.44,357032.63
2025-01-06,82779.58,83473.92,79174.9,82311.31,101578.62
2025-01-07,82515.15,85126.8,79344.98,82899.22,45031.2
2025-01-08,89551.27,90422.5,88928.82,89708.39,23896.36
2025-01-09,88497.69,91545.96,87025.78,88718.01,21968.36
2025-01-10,87507.27,87703.21,85525.64,86615.62,19663.11
2025-01-11,87896.67,88646.89,86526.94,87886.6,41800.88
2025-01-12,89097.46,92738.41,85896.71,88986.14,24691.29
2025-01-13,92410.05,93844.43,92410.05,92918.83,52795.67
2025-01-14,89570.88,91013.73,87188.63,89050.26,68344.15
2025-01-15,91809.73,93358.0,89879.66,91496.37,14916.0
2025-01-16,92921.93,94503.03,92162.6,93547.01,32465.9
2025-01-17,94656.61,97980.43,90493.64,93222.48,37593.34
2025-01-18,94730.58,98163.64,91185.55,94475.73,37066.31
2025-01-19,97599.52,99966.65,95201.23,98088.88,62603.64
2025-01-20,101279.32,102547.62,100667.06,101281.63,69618.7
2025-01-21,97168.48,99584.04,96462.15,97455.84,43767.85
2025-01-22,101685.05,101900.95,98754.67,100444.45,36592.72
2025-01-23,101117.02,101909.17,99248.33,100367.73,61610.39
2025-01-24,101141.15,102894.71,99557.57,100775.11,199095.91
2025-01-25,102575.03,103577.91,95854.22,101185.28,19652.88
2025-01-26,99968.41,102109.06,99389.3,100805.69,155321.17
2025-01-27,105910.3,108541.53,101178.35,105256.95,17487.46
2025-01-28,105566.69,105852.0,104198.41,105106.53,86223.26
2025-01-29,101032.77,103277.36,99186.28,101219.38,145838.2
2025-01-30,99803.89,102708.97,97316.59,99984.66,21672.42
2025-01-31,101507.16,102509.66,99680.26,100762.98,83136.14
2025-02-01,106066.86,106222.43,103729.88,105350.57,27994.32
2025-02-02,106533.4,110291.58,104511.84,107759.5,167371.66
2025-02-03,106278.17,106729.62,102644.58,104755.93,17907.29
2025-02-04,115493.62,115997.15,111773.4,114447.34,33461.33
2025-02-05,115425.71,118335.8,113871.84,115686.27,76461.08
2025-02-06,120382.06,122680.2,119459.17,121148.93,125519.56
2025-02-07,121760.37,126837.71,114876.16,120688.23,76311.9
2025-02-08,123635.97,125804.22,119492.64,123146.93,106773.48
2025-02-09,127737.13,129732.58,123481.48,127009.21,47310.83
2025-02-10,133346.74,135660.92,128818.64,132740.54,31636.93
2025-02-11,139292.18,141434.57,134586.99,137951.79,251227.92
2025-02-12,143416.84,145866.6,138625.31,142441.47,118717.92
2025-02-13,140488.13,142015.81,138965.18,141090.73,53552.69
2025-02-14,137846.55,142178.29,137053.38,138503.01,20791.19
2025-02-15,140734.74,142491.65,138144.22,140335.12,209667.03
2025-02-16,146290.53,146290.53,144264.79,145211.71,222114.8
2025-02-17,144127.53,148442.95,141702.92,144300.45,67570.03
2025-02-18,150442.26,156111.56,144967.98,150006.49,48762.05
2025-02-19,159198.43,164145.7,152038.14,158067.18,69872.69
2025-02-20,152793.85,156544.49,150955.69,153307.99,71010.81
2025-02-21,150057.16,152111.5,144381.59,149105.89,152422.67
2025-02-22,148614.45,149266.89,147924.83,148597.84,33057.25
2025-02-23,151936.02,153850.04,145668.83,150431.83,51968.47
2025-02-24,146799.07,153582.94,141499.97,147916.83,70685.06
2025-02-25,157564.23,157564.23,151937.69,155318.41,104355.69
2025-02-26,157482.85,160755.22,156378.77,157877.53,171798.53
2025-02-27,158993.5,159648.38,156280.12,158332.97,110404.01
2025-02-28,150804.22,154937.12,144908.3,150798.34,337306.43
2025-03-01,142982.64,147599.4,141746.72,144227.2,36362.22
2025-03-02,146843.75,150433.66,139325.6,145871.37,260947.17
2025-03-03,135296.36,139776.89,130865.63,135583.05,35844.21
2025-03-04,141277.15,143105.53,136782.42,140685.46,57543.23
2025-03-05,139216.37,145564.38,135619.94,140118.89,107302.28
2025-03-06,156870.22,159483.07,153965.67,157196.96,219709.15
2025-03-07,170275.59,172802.99,167356.62,170677.63,66475.64
2025-03-08,170599.91,174055.9,166434.85,169851.73,124225.14
2025-03-09,169892.15,176384.52,165383.82,169474.77,70379.54
2025-03-10,175499.41,178024.2,174032.23,175747.7,14843.75
2025-03-11,186269.87,189549.4,184341.68,186822.78,94658.33
2025-03-12,177123.21,178303.54,175584.38,176678.1,34634.19
2025-03-13,166481.93,170173.91,160427.4,166219.02,246890.76
2025-03-14,163051.48,164748.14,161316.74,162883.48,244508.02
2025-03-15,169112.27,171885.08,161792.78,166489.28,45795.26
2025-03-16,170413.4,171678.28,166892.13,169664.25,41078.76
2025-03-17,179116.87,179490.69,173449.14,176401.65,56468.54
2025-03-18,169307.72,175100.31,163437.96,169401.91,138655.42
2025-03-19,156385.12,157495.36,155221.93,156445.71,131045.1
2025-03-20,160804.28,165813.32,155737.39,161457.11,1334589.04
2025-03-21,157458.98,159599.9,152775.59,157079.6,66853.94
2025-03-22,146203.12,151598.08,141387.05,146585.02,87501.99
2025-03-23,146999.7,148622.79,146649.63,147552.32,383274.89
2025-03-24,149623.9,158589.3,146164.6,151933.66,104993.42
2025-03-25,153289.84,154842.08,146253.98,151513.08,34894.32
2025-03-26,148870.45,153116.14,142337.37,149328.31,108385.33
2025-03-27,150475.5,152820.35,144142.63,148720.63,144457.53
2025-03-28,146911.29,148825.07,144464.49,147024.49,62016.06
2025-03-29,141183.57,144687.12,135388.49,140459.27,148984.62
2025-03-30,137276.61,141133.63,132891.1,137195.06,136423.15
2025-03-31,140395.11,142066.26,137036.3,139930.87,54497.16
2025-04-01,140583.59,144575.33,140401.49,141727.65,274642.03
2025-04-02,144128.28,145956.06,139332.14,142777.77,42631.0
2025-04-03,137692.11,139470.58,134665.0,138097.39,110528.83
2025-04-04,138446.6,139867.11,135522.64,137428.88,47954.74
2025-04-05,126138.17,129379.14,126138.17,127537.35,19004.82
2025-04-06,127753.37,134260.59,125907.32,128529.18,98607.97
2025-04-07,135725.69,136213.83,134026.32,135323.2,359378.44
2025-04-08,128542.74,132351.3,125958.78,128711.23,70978.43
2025-04-09,126749.43,127701.4,124296.91,126287.86,22140.07
2025-04-10,128155.19,130010.87,125495.34,127942.72,88136.83
2025-04-11,134882.77,134882.77,132674.94,133878.43,39580.03
2025-04-12,132562.96,133305.56,130020.85,131992.39,175254.47
2025-04-13,128579.58,133733.29,126980.33,129026.2,61822.02
2025-04-14,120235.5,124349.96,114993.11,120614.94,17153.24
2025-04-15,122401.97,123470.17,119504.87,121234.12,106760.37
2025-04-16,128817.17,132386.76,126533.04,130411.68,88392.98
2025-04-17,132471.47,135018.25,129130.32,131881.49,59305.83
2025-04-18,130798.46,138100.43,126832.81,131976.51,32854.15
2025-04-19,134859.23,138165.17,131525.51,133673.04,318457.69
2025-04-20,133359.0,137747.36,130581.86,133821.74,53061.05
2025-04-21,130811.08,134779.81,125959.37,130262.69,153172.19
2025-04-22,134312.0,137900.81,128878.1,134272.04,52707.06
2025-04-23,134458.2,136477.71,134458.2,135540.38,132517.77
2025-04-24,136523.33,137439.77,134043.31,135827.55,80344.98
2025-04-25,130707.84,135988.08,125023.01,131466.0,76921.83
2025-04-26,138693.34,140648.85,131996.78,137809.32,40155.15
2025-04-27,140132.35,145180.15,139452.68,141264.72,120814.83
2025-04-28,139033.93,141887.92,134402.04,138765.21,240564.52
2025-04-29,143977.88,146088.2,142065.65,143932.9,35085.28
2025-04-30,140977.45,144014.46,138018.67,141660.35,40769.58
2025-05-01,139566.29,143351.53,135073.67,138042.57,821232.19
2025-05-02,134658.35,136049.99,130956.71,134622.23,34326.97
2025-05-03,126293.2,128609.68,124630.28,126720.66,47033.47
2025-05-04,129331.17,131969.07,124924.36,129022.8,224552.37
2025-05-05,119997.99,123091.85,119997.99,121194.79,220215.02
2025-05-06,118549.1,119630.42,114391.41,116268.66,9900.93
2025-05-07,107343.55,110565.23,106021.44,108284.06,121453.78
2025-05-08,108597.69,112093.17,106303.86,108120.41,56271.21
2025-05-09,107767.17,108752.41,105945.82,107714.51,58218.48
2025-05-10,107656.87,110607.13,102669.34,106649.73,165537.48
2025-05-11,103129.15,105122.32,98639.85,102982.56,48208.26
2025-05-12,98485.77,100094.73,96494.69,98991.25,41216.13
2025-05-13,99266.59,102820.46,97877.22,100764.33,48552.89
2025-05-14,97579.94,102792.07,96066.79,98989.63,46950.67
2025-05-15,100051.16,101421.18,99305.85,100242.04,82631.81
2025-05-16,98396.68,98425.55,96639.63,97329.68,177002.8
2025-05-17,96783.23,103098.75,93202.34,98095.47,86884.19
2025-05-18,104349.15,106166.73,100527.41,102827.82,62978.67
2025-05-19,105727.41,105727.41,103799.58,105116.76,99947.8
2025-05-20,103375.3,104412.39,103375.3,103765.88,119485.07
2025-05-21,103951.02,106200.71,103358.92,104861.37,102344.38
2025-05-22,103317.76,109115.76,101701.83,104137.89,37620.13
2025-05-23,104572.76,105463.23,103683.0,104322.98,90218.4
2025-05-24,103249.2,105676.55,100640.7,103295.66,11709.69
2025-05-25,102780.36,105339.86,100333.15,102857.4,217111.88
2025-05-26,103360.37,104565.66,102945.95,103779.33,217888.74
2025-05-27,100526.74,103983.75,97827.46,100383.65,127605.69
2025-05-28,97672.33,97784.9,96177.25,97022.56,166039.14
2025-05-29,92463.91,96648.9,88334.26,92558.84,56049.36
2025-05-30,87183.89,88998.97,86437.93,87648.55,31538.18
2025-05-31,84786.45,85801.84,81356.38,84118.81,20559.24
2025-06-01,84566.57,87949.1,82492.49,84716.58,126121.76
